song_id,title,release,artist_name,year
SOQMMHC12AB0180CB8,Silent Night,Monster Ballads X-Mas,Faster Pussy cat,2003
SOVFVAK12A8C1350D9,Tanssi vaan,Karkuteillä,Karkkiautomaatti,1995
SOGTUKN12AB017F4F1,No One Could Ever,Butter,Hudson Mohawke,2006
SOBNYVR12A8C13558C,Si Vos Querés,De Culo,Yerba Brava,2003
SOHSBXH12A8C13B0DF,Tangle Of Aspens,Rene Ablaze Presents Winter Sessions,Der Mystic,0
SOZVAPQ12A8C13B63C,"Symphony No. 1 G minor ""Sinfonie Serieuse""/Allegro con energia",Berwald: Symphonies Nos. 1/2/3/4,David Montgomery,0
SOQVRHI12A6D4FB2D7,We Have Got Love,Strictly The Best Vol. 34,Sasha / Turbulence,0
SOEYRFT12AB018936C,2 Da Beat Ch'yall,Da Bomb,Kris Kross,1993
SOPMIYT12A6D4F851E,Goodbye,Danny Boy,Joseph Locke,0
SOJCFMH12A8C13B0C2,Mama_ mama can't you see ?,March to cadence with the US marines,The Sun Harbor's Chorus-Documentary Recordings,0
SOYGNWH12AB018191E,L'antarctique,Des cobras des tarentules,3 Gars Su'l Sofa,2007
SOLJTLX12AB01890ED,El hijo del pueblo,32 Grandes Éxitos  CD 2,Jorge Negrete,1997
SOQQESG12A58A7AA28,Cold Beer feat. Prince Metropolitan,International Hardcore Superstar,Danny Diablo,0
SOMPVQB12A8C1379BB,Pilots,The Loyal,Tiger Lou,2005
SOGPCJI12A8C13CCA0,N Gana,Afropea 3 - Telling Stories To The Sea,Waldemar Bastos,0
SOSDCFG12AB0184647,6,Lena 20 År,Lena Philipsson,1998
SOBARPM12A8C133DFF,(Looking For) The Heart Of Saturday,Cover Girl,Shawn Colvin,1994
SOKOVRQ12A8C142811,Ethos of Coercion,Descend Into Depravity,Dying Fetus,2009
SOIMMJJ12AF72AD643,Rock-N-Rule,I'm Only A Man (Bonus Track Version),Emery,2007
SOVMBTP12A8C13A8F6,La bola extra,La bola extra,Los Ronaldos,0
SOOUESZ12AB0189AFD,I Made It Over,Let's Celebrate (He Is Risen),Rev. Timothy Wright,0
SOAGMGG12A6D4F9099,Debussy : 12 Etudes : VI Pour les huit doigts,Debussy : 12 Etudes_ Images Sets 1 & 2,Pierre-Laurent Aimard,0
SOGFWVT12A8C137C64,Nervous,Let No One Live Rent Free In Your Head,Nicolette,1996
SOKLPMH12AB01861FA,In The Journey,In The Journey,Martin Sexton,2001
SOEPAIN12A8C1396A7,Fuckin Ethic People (999),Crazeë Musick,Craze,0
SOQMZZI12AB01850D4,Tu Vida Con La Mía,Hoy Quiero Soñar,Christian Castro,0
SOEEHEY12CF5F88FB4,I'm Ready,Honkin' On Bobo,Aerosmith,2004
SOWUMAZ12A67ADE769,Take As Needed,Nerve Damage,Skinlab,2002
SOJJAZT12AC4687219,Autumn In The Mind (Acoustic Version),Lo Fi_ Acoustic Excursions,Mike Badger and Friends,0
SOMLHJQ12AC4685B45,Tequila,Tequila il mambo del giubileo (12 Inc),Piotta,0
SOYNOIK12A6D4F7F3F,All For A Purpose (Speak Life Album Version),Speak Life,Sev Statik,0
SOPUJOM12AB017FEEB,C On,C On,The Advent,0
SOGNNYL12A6D4F910B,Raspberry Beret (LP Version),The Hits/The B-Sides,Prince & The Revolution,0
SOOLRHW12A8C142643,All of the same blood,Violent revolution,Kreator,2001
SOMKNZS12A8C13DEBC,One Little Too Little,Hall Of Fame,Hall Of Fame,1996
SOYKVON12A8C14097E,Cockleshell Heroes,Classic Years,Frank Chacksfield,2007
SOEXAWC12AB01817E6,Trancesequence,Voyage,Voyage,0
SOKQCDA12A6D4FA556,Wonderful Stash,TRANCE VISIONARY,Wishbone Ash,1998
SOFWVLR12A8C1328DC,La filo,Le meilleur,Malavoi,0
SOLRKBF12A8C13C88A,Throw It Away,Easy Listening,Cobra Verde,2003
SOBDLRM12A8C13A0AC,Before He Kissed Me,Lisa Brokop,Lisa Brokop,0
SOMXBRA12AB017C656,Blessed,Rejoice,The Emotions,1977
SODJAOH12A58A77B23,Goa Amsterdam,B.P.M. - Bionic Pulse Method Vol. 3,Safi Connection,0
SOCPTIN12A8C14265F,Disaster [Demo Version],Fragile Future,Hawthorne Heights,2008
SODVOFJ12AB0181EE6,Night And Day,The Best Of,The Maytals,1994
SODDEQU12AAF3B2FC8,Passione,Alla Fine Della Notte,Neffa,2007
SONYUEW12AB018B373,My Everything [Screwed] (feat. Trae The Truth),[Screwed] Tha Flood - Swishahouse Mix,Lil O,0
SOWWQXA12A81C1F9CA,Scream,Devil's Playground,Billy Idol,2005
SONNHYN12AB018538B,The Man Delusion,The Man Delusion,The Vichy Government,0
SOCWWYB12A6D4F9AF4,He Is Not Silent (Out Of The Grey Album Version),The Early Years,Out Of The Grey,0
SOIRTNX12AB018B41D,Pepe El Mañoso,Salsa Cubana Vol.6,Orquesta Sonara La Habana,0
SOLGCKQ12A8AE47CFA,Acércate Más,Éxitos Del Romántico De Siempre,Leo Marini,0
SOZOAEF12AB017F0A9,Mule Boogie,Country & Western,Sheb Wooley,1993
SOHMYGC12A6D4FAC4B,Dancing In The Dark,The Look Of Love,Diana Krall,2001
SOHSSPG12A8C144BE0,Mad About You,Change of Heart,Clifford T. Ward,2003
SOCBSOR12A8C1314DD,Heartaches,Just Kiddin' Around,Ray Conniff;Billy Butterfield,0
SOOKLXI12A8C142FB0,Pain Over Acceptance,Unforgivable,Weekend Nachos,0
SOYMTVV12A58A7C2D6,Ships That Don't Come In,The Ultimate Hits,Joe Diffie,1992
SODQHXQ12AB0189AE0,Saturday Night  (LP Version),Rick Medlocke & Blackfoot,Blackfoot,0
SOFSJXP12AB017E676,I Just Want To Be With You This Christmas,My Christmas,Katie Armiger,0
SOHGZWM12AAA8C86EA,On the Surface,Songs for the Incurable Heart,Stemm,2005
SOLBDWO12AB0188CC2,Remember (Walking In The Sand),Night In The Ruts,Aerosmith,1979
SOUHTYT12AB0189D1C,Just Another Woman,Singin' The Blues,Hot Lips Page,0
SOVUFFC12AC9E16242,untitled,Amaterasu,David Fridlund,2004
SOEBDKM12AC4686D3A,Bakslag,Om Gaia,Kultiration,2004
SOPJNRJ12A8C1461C4,The New Way,Radio Ixtlan,Ewigkeit,2004
SOUVPJZ12AB018218C,Suffer,In My Own Cage,JOHN DOE,0
SONUZSW12AAA15EA65,Cités dortoires (feat. 59 Grammes),Rakailles 4,Alpha 5.20,0
SOGBBEE12AB017ED6A,Bring It,Unspoken,Tonex,0
SOPBCNI12AF729FE49,You And I,Shine Through The Stars,Chasen,2008
SOYKRSW12AB018078B,Sitting In My Window (Finis Tasby BMI),What My Blues Are All About,Finis Tasby,0
SORASFZ12AB01828C7,Raid The Itch,Black Label #57,Ogris Debris,0
SOVOIOQ12AC4688FAC,The Rest of the Night,The Wind,Warren Zevon,2003
SOXAGQZ12AB018A089,Ride,Orion,Andrea Klas,0
SOLFMLX12AB0186EB5,Passion Protein,This Is Our Art,The Soup Dragons,1988
SOSNKHA12AB0185BD6,Redemption,Write This Down,Write This Down,2010
SOLOUIH12AB018146C,Dame Tus  Besos,Radio Macandé,Radio Macandé,0
SOKWWCO12AB0187D70,Don't Prolong the Agony (Bonus Track),Touchpaper,Claire Hamill,0
SODXEOD12AB018EC03,Dalny svet (bonus 2003),Kruiz-1,Kruiz,0
SONHPZT12AC90970C3,Alice in Wonderland: Act I: The Caucus Race,DAVIS_ C.: Alice in Wonderland [Ballet] (Prague City Philharmonic_ Davis),Carl Davis,0
SOHQYYJ12AB0183B6D,Le mauvais coton,Dévaste-Moi,Brigitte Fontaine,1990
SOIOKZN12AB01857C2,Love Can Change feat. Nadine Sutherland,Fatis Presents Abijah,Abijah,0
SOMPUGR12A8C146F57,Subtek,Tone Tales From Tomorrow,Hex,0
SODMDUM12A6D4FCEE4,Dream Of Love,Lost In Paradise,X-Perience,2006
SONVYNC12AB0184ECC,Lucy Fears the Morning Star,Sing-Along Songs for the Damned and Delirious,Diablo Swing Orchestra,2009
SOPHQEL12A8C1357CC,Fool on the Hill,English Guitar Music,John Williams,0
SOLQULR12AB018D726,Baiting the Public,Hidden World,Fucked Up,2006
SOKXBTF12A6BD4F3AD,Death Acceptor,TheBloodyTransylvaniaStreetMachine,Drexel,0
SOPFHPD12A8C1407F6,Wipeout,100 Years of Surfing,The Surfaris,1988
SOORUNH12AB0182395,Fick uns,Die besten Tage sind gezählt,Kool Savas,0
SOAOSWS12AB0189131,Wir Sind Die Jungs feat. Din & Smexer,Blackbooked No. 2 - Jung_ schön und stylish,Prinz Porno,0
SOYTTYG12AB017F85E,Make Dat Monet,Aristocrunk,Lord T & Eloise,0
SOUIUYF12AC3DF998F,Two Legged Sheep,Ain't Crying for the Moon,Kingdom Come,2006
SOJGKAD12A58A7D1FF,Chi Sei Adesso,4 x 4,Gemelli Diversi,2009
SOCKLYJ12A8C14017E,Stuck On My Vision,Outrageous,Alice In Videoland,2005
SOMOSWT12AB017CD5A,Joku muu,Galaksi,Kristian Meurman,2009
SOUKOKB12AB018A808,Whaleface (Instrumental),Felt 3: A Tribute To Rosie Perez [Instrumentals & Acapellas],Felt,0
SOJLGRD12AB018724F,Brown Paper Bag,Time Flies When You're Gangster Fun,Gangster Fun,1992
SOZTLAR12A8C1368A9,You Needed Me,Wind Beneath My Wings,Roger Whittaker,1994
SOIOAQZ12A8AE472A2,Pacey Singer,Third Hand Prophecy,A.Human,2008
SOLTAUK12A8AE4611F,Superstition,Halloween Classics: Hellbent For Halloween,Beck_ Bogert_ Appice,0
SOPRQGM12A58A784F1,Ride,Ride,Tiësto,2006
SOADQCE12A6D4F64B3,Endangered Species (Tales From The Darkside) (Remix) (Explicit) (Feat. Chuck D),AmeriKKKa's Most Wanted (Explicit),Ice Cube Featuring Chuck D,0
SOOWUDY12A6D4FA0B0,Summer Of My Life,Charcoal Lane,Archie Roach,1990
SODSOYL12A6D4F5B39,Foggy Mountain Breakdown,The Complete Mercury Recordings,Lester Flatt / Earl Scruggs / The Foggy Mountain Boys,0
SOMLQLS12A8C13D138,Sonata No. 10 Op. 70,Scriabin - Piano Works,Mikhail Pletnev,0
SOKQPKX12A6D4FAC5B,Red Ramona,Shake And Play,Janette Slack,0
SOFKEUC12A6D4F4C3F,What Matters Is Just You,Aire/Invisible,Luis Eduardo Aute,0
SOPXLUV12AB018128F,Southern Comfort,One Step Forward,Lonesome River Band,0
SOOIKJH12A6D4F6454,Something From Nothing,Friendship Forever,Retard-O-Bot,2005
SOXXJGW12AAF3B58CF,Half Light,The Other Coast,Michael Whalen,0
SOBGKMC12A8C137FE0,Bonus Track,Spirit Of '94,Kaze,0
SOKAWDI12A6D4FA72F,High Low And In Between,Country Linedancing,Mark Wills,1996
SOWGQLY12AAF3B47D9,Detalles,En Vivo,Roberto Carlos,1990
SOGXPYA12A58A769A7,Rock Can't Last Forever  (You Hate Me Hate Music Album Version),You Make Me Hate Music,Fine China,2002
SOHNWIM12A67ADF7D9,Get Along (Feat: Pace Won) (Instrumental),Charango,Morcheeba,2002
SOHCDDC12AB018B206,Caravan,"Greatest Hits Of Richard ""Groove"" Holmes","Richard ""Groove"" Holmes",0
SOAAQWU12A8C13F908,Just Is,What Sound,Lamb,0
SOTOTTC12A8C142727,The Life That I Never Had,The Life That I Never Had,Sektosixo,0
SOELTOP12AAFF415CF,Inside Your Dreams,Inside Your Dreams,DJ Markitos,2003
SOSNZGD12A582A2624,Hot (Album Version),Milk Me  [Amended Version],The Beatnuts,0
SOFCGTP12A8C140A93,Have It All,Euphonic 10 Years,Ronski Speed presents Sun Decade,0
SOQAWRX12A8C140FB3,Words - Re-Recording,Jeannie C. Riley Selected Hits,Jeannie C. Riley,0
SOECFIW12A8C144546,Viejo,Caraluna,Bacilos,0
SOGHBFO12AB017C407,Victims of the Riddle [Vivisection],Sheep Farming In Barnet,Toyah,1979
SOCFEYX12AB0185304,Kama Sutra,Kama Sutra,The Wolfmen,0
SOIJRWP12A8C13E78D,E non lo scorderò,I successi di Fausto Leali,Fausto Leali,0
SOYFPHJ12A8C13C2B2,What Can I Do?,17 Reasons,Link 80,1997
SOUMNSI12AB0182807,Whats up with the Underground,EP2,Linkwood,0
SOMLVLH12AC3DF9CCD,Pacific Sunrise,Freetime,Spyro Gyra,1981
SOEXXWL12AB0189326,Gnostalgia,Sacrament,White Willow,2000
SOAHCHL12A8C13C8C5,Sin Sin Sin (Sentience Loney Mix),Sin Sin Sin,Robbie Williams,2006
SOHMXUE12AB018676C,Bihac,Maschinensturm,Prager Handgriff,1995
SOLLEAB12AB017DC60,Hard Life Feat Raw Breed,Operation Infinite Grit,Marc Live,0
SOLTFTE12A8C13718B,Memories Of Love - Original Mix,Galaxy EP,Paul Miller,0
SOIOVEM12A8C13D837,Praise_ My Soul_ The King Of Heaven,Hymn,American Boychoir,0
SOXIARP12AB018492E,Edward Smith,Black Umbrella,Thought Industry,1997
SOSTYVO12AC907117C,Dark Country,Breaking In An Angel,Red Animal War,0
SOHVRGJ12AB01826FE,Highway Paved With Pain,Old Country Town,Lonesome River Band,2007
SODRTHY12AB018FB3B,End Of The Beginning (Album Version),Perspective,Jason Becker,0
SOARKPN12AB018A3F1,Britannia,Love U More: The Very Best Of,Sunscreem,2009
SOVGOBZ12AB0185AB0,I'm About To Do Something (That I'm Gonna Regret),Chrome Tape,Motormark,2004
SOBBODD12A8C13FFA0,Ring Road,Ring Road,Underworld,2007
SOJKQRQ12AB01804A5,LEsperanza,The Very Best of Euphoric Dance Breakdown 2009,Airscape,0
SOKFTXQ12AB018C33A,That Crutch,So Many Roads,Neal Morse,2007
SOGWEOB12AB018A4D0,I Say A Little Prayer,The Legendary Hi Records Albums_ Volume 3: Full Of Fire + Have A Good Time + The Belle Album + Truth n Time,Al Green,1978
SOIHJKI12A8C13D474,Dawning Star,Double Negative,The Muffins,0
SOFMVOA12AB018240A,Irreplaceable,Get Your Stereo Deluxed Vol. 6,The Funky Lowlives,2002
SOCELXR12AB017EB1B,AcroyearII,LP5,Autechre,1998
SOBAHCX12AB0183F7A,And Then You Went Away,Resurrection,Brian Vander Ark,2004
SOINLLV12A6D4FBB05,You Don't Know What You're Doing,Loose Tonight,Debbie Davies,0
SOBHUSK12AB0187786,Touched (Intro: From 'That Winter' By Pamela Gillilan),Ignorance,Boo Hewerdine,0
SOPNAOX12A6D4F85AF,Day,Brave Murder Day,Katatonia,1996
SOIGUQJ12A6D4FAB11,En oo koskaan tavannut,Helvetisti järkeä,Zen Cafe,2001
SOJUTQH12A8C13D5F3,B15 Apna Sangheet Sings Apna Sangsheet_ Ruled By The Mob,Minesweeper,DJ Rupture,0
SOXDQGB12AB018AC90,Militant Musicfreaks,The Never Ending Story,Warlocks,0
SOSUDKY12AC3DFA679,The Color Of The Water / Dreaming Of The Future,Sea Of Dreams,Luis Bacalov,2007
SOUGJMK12AB018852E,Nothing More to Say,Sounds of an Amateur,AJP,0
SOPZPJR12AB0180ED3,Rock'n'roll vengeance,As-tu déjà oublié?,La Souris Déglinguée,2003
SOMPTDS12A8C13AC1D,Qui ? (version baba cool),Ma Grand-Mère,Mickey 3D,2002
SOENBNC12A8C1326F6,Four Horses,God's Tattoos,William Lee Ellis,0
SOCEXXJ12AB0185239,Laurie Ann,Glen Rocks,Glen Glenn,2000
SOIYPRW12AB018669D,Näckaspel,Visor från vinden (Bonus Version),Sofia Karlsson,2007
SOHLMBQ12AC961881F,Get Up (Club Mix),The Great Bouzouki / Get Up,Krid P,0
SOPDAZL12A58A7CAE5,Melodia Do Amor,Bis - Jovem Guarda,Golden Boys,0
SOUMLGC12A6D4F9C32,Whatcha Gonna Do When Your Number's Up?   (The Best We Could Find Album Version),The Best We Could Find,STEVE TAYLOR,0
SOVECZJ12AB01828DB,Waste of Time,Tried & True,Junkyard,0
SOVVXOO12A8C13AED8,Deep in the night,Deep in the night,JK,0
SOWKZGU12AF72A2B4A,Skase,Christos Dantis Best,Christos Dantis,0
SOAGUGD12A8C13FB69,Make Her Feel Good,Roc-A-Fella Records Presents Teairra Marí,Teairra Marí,2005
SOOEDWI12A58A7B1C4,Radio Was Unplugged,Dinosaurs Turn Into Birds,Silent Kids,0
SOJEBYC12A6310E031,Margaret On The Guillotine (LP Version),Viva Hate,Morrissey,1988
SOJGCRL12A8C144187,At the Ball_ That's All,Best of Laurel & Hardy - The Lonesome Pine,Laurel & Hardy,0
SOQPSNZ12A8AE44A95,Presence Of The Dead (Album Version),Testimony Of The Ancients,Pestilence,0
SOGUUQT12A8C13599E,The Art of the Fugue_ BWV 1080/Contrapunctus XIV,Bach:  The Art of the Fugue,Juilliard String Quartet,0
SOJJMAE12A8C135E68,Love Has A Diameter,Puzzle,Biffy Clyro,2007
SONQPBR12AB0187DD8,Communion,The phuture that never happened,Mental Overdrive,1991
SODLNNU12A8AE475B5,No quarter,Garbage daze re-regurgitated,Exhumed,0
SONTDUZ12D021989FD,Rowboat,Unchained,Johnny Cash,1996
SOQCROT12AB017ECA2,Captain_ My Captain,Avalanche,I_ Synthesist,2003
SOHBAMW12AF72A0AA9,Home In Your Heart,Joyful Noise,Derek Trucks;Solomon Burke,0
SOHTYTP12AB0185CA1,Pourquoi,Silence,Anael Miller,0
SOGTNHX12AB0180BF0,Sold Out Of Love,Sold Out Of Love,New York Rel-X,2005
SODHRTM12A8C13B611,He's So Brave,Listen To My Shapes,Sensations,2005
SODOHGX12A8C13ECBA,Rave Up,Girltalk,Bad Dreams Fancy Dress,1989
SOPWMAB12A58A7E8E9,02.17 AM,Sweep Of Days,Blue Foundation,2004
SOMVWIV12A8C133D30,She's Alright,Grown Up Wrong,The Real Kids,1977
SOGKDCA12A8C141C21,The Itsy Bitsy Spider,Dora The Explorer,Dora The Explorer,0
SOCPXYM12A8C143BEF,Mirage,FOCUSED,Billy Cobham,1998
SOJDCGI12A8C137434,How Great Is Our King,Live 2005,EM1,2005
SOBLOFA12A8C140408,Battery,And Christmas For All! The Holiday Tribute to Metallica,Santa Claws and the Naughty But Nice Orchestra,2007
SOHNFBA12AB018CD1D,Black Gold,Total Life Forever,Foals,2010
SOYBKBM12AB018577C,Mary Beth,The Solo Recordings [1971-1972],Peter Yarrow,0
SOLOWYB12A6D4FBD7F,Walk In Holy Ghostwood/Time's Going On,Who Set That Fire,Lird Van Goles,2007
SOAUZXN12AB0184076,When You're Sick With The Blues,Honey Babe Let The Deal Go Down: The Best Of Mississippi Sheiks,Mississippi Sheiks,1994
SOQXRDM12AAF3B4503,Snowflakes (VeebeeO Remix),Snowflakes,Jessica Folcker,0
SOZUWRR12A8AE48107,Traktor,25 let,Visaci Zamek,1995
SOEFBBG12AB0183691,I Can't Take The Runnings Ina Babylon - Original,Buro's Jolly Bus,BuRo,0
SOCXZRM12A8C141BDE,Smilin',My World,Bryn Christopher,2008
SOBGXZN12AB0188FBD,Atrevida Bandolera,12 Discipulos,Voltio,0
SOTGSQM12A8C13835E,Distorted Minds,You Don't Know - Ninja Cuts,Hexstatic feat. Juice Aleem,0
SOWTTWF12AB017E12A,Esa Cancion Nos Salvo,Manual de redencion,Travolta,0
SOTCVEA12A6D4F9DBF,Trend / Sprengkörper (Medley) (Live),Mediengruppe Telekommander Live In München am 23.04.2006 (Bavarian Open Sessions - Bayerischer Rundfunk / Zündfunk),Mediengruppe Telekommander,0
SORGHYR12AB017F847,The Unbeliever,The Sun & Earth,Middle Distance Runner,0
SOSTUZH12AB0181789,Paper Doll,The 80's EP,Denison Witmer,0
SOQAQDK12A8C138F81,Gotta Go Home,20th Century Hits,Boney M. 2000,1999
SOKGEOT12AB01815B2,Gypsy Eyes,You Break It...You Bought It!,Michael Stanley Band,1975
SOKFJOP12AB018B475,Valse Lente,Rossini's La Boutique Fantasque_ Dukas's The Sorcerer's Apprentice And Ibert's Divertissement,Boston Pops Orchestra,0
SOXXSGK12AB0182E1B,Three,Gymnasia,The Show is the Rainbow,0
SOEMJOV12A8C14238E,Gridlock,Escalation of Hostility,Kill The Client,2005
SOCMMIU12AC4689787,White Baby,Swan Song,Giant Drag,2010
SOJEZBM12A6D4FEA96,A Hole In The World (Album Version),Full Collapse,Thursday,2001
SOFKPCM12AC468BF72,The Journey,Love & Peace,Lisa Lynne and Georege Tortorelli,0
SOCYOVS12A8C13E8E6,That's Why I'm Leaving,THEGETDOWNSYNDROME,The Peelers,0
SOEPILV12AC4688560,Your Heart's Not In It,The Very Best of Janie Fricke,Janie Fricke,1993
SOCQZNO12AAF3B39B3,La Inseminacion,10 De Colección,Johnny Ventura,0
SOQKUKI12A8C13EF23,Willie Barcena,The Hot & Spicy Mamitas,Willie Barcena,0
SOCPWEP12A8C142FD2,This Time It's Real,The Extended Mix,Miquel Brown,0
SODFUXQ12AB017E9B1,Final Promise (World),Paradox,Davol,0
SOAFVYC12A8C1345AD,Stand Alone (Album Version),Born Into This,The Cult,2007
SOEZDDV12AAF3B542B,If I Get to the Borderline,Cancer And Delirium,J. Tillman,2008
SODLGWH12A8C138C4E,Hit Medley Part Three,The Best Of Vol. IV - The Megamixes,Arabesque,0
SOYKXMF12A58A79AE4,How You Livin? f/J-Live & Grap Luva & Sondia,48 Months,Asheru And Blue Black Of The Unspoken Heard,0
SOYKGFJ12AB017F70D,Insomnomaniac,Compass,Joshua Redman,2009
SOKUUYU12A58A78722,Tonight Will Be Fine,Leonard Cohen Live at the Isle of Wight 1970,Leonard Cohen,1969
SOFQQBH12A81C233BF,Straighten Up And Fly Right  (LP Version),'Round Midnight With Nelson Riddle And His Orchestra,Linda Ronstadt,0
SOJDHCI12A6D4FB41A,Will You Not Listen?,The Word,Michael Card,0
SOCFDRD12AB0186D29,Kallisti  Song For Eris,Below & Beyond,Floor,0
SOGNPSG12A58A7BB21,Country Boogie Fever,Guitar Boogie Fever,Eddie Jones,0
SOWSOVJ12A8C13A8C1,Zuviel Hitze,Einzelhaft,Falco,1982
SOYONIC12A58A7CA3B,Bunion Blues,Chicken Minnie,Lighnin' Hopkins,0
SOVAEIR12A58291141,Se Fosse Adesso,Canzoni Allo Specchio,Perturbazione,2005
SOKVLUT12A6D4F79FC,Please Set Me At Ease,Blue Break Beats,Bobbi Humphrey,1975
SORQMDL12A8C137A9B,What Would You Do?,Cabaret: The New Broadway Cast Recording,Mary Louise Wilson,0
SOMEUWT12A6D4F95F3,Killers And Killed,Evil Unleashed,Angelus Apatrida,2006
SOALSHB12A6D4FA1A7,No Doubt About It  (Miracle Album Version),Miracle,The Clark Sisters,0
SOKJXHM12A81C20461,Pantomime,Yes Yes Vindictive,Operator Please,2007
SOQSVGM12A8C137AFD,Beautiful Noise,Beautiful Noise,Spencer Parker,2006
SOOWLIH12AB0186B40,Nine Million Bicycles,Live at The O2 Arena,Katie Melua,2005
SOJWNMK12A6D4FB0D2,Call Me (Album Version),The Sound of Madness,Shinedown,2008
SOSEDAW12A6701C8BB,Do You Know,Wake Up And Smell The Coffee,The Cranberries,2001
SOPAHUX12A8C13B449,La titimania,Van Van 30 Aniversario. Vol. 1 (30 Year Anniversary),Juan Formell y los Van Van,1988
SOZAYJX12A8AE49C6D,Vacuum,Cocotte,Teenage Bad Girl,2007
SOAMIZM12A8C13E708,Sä,Onnelliset Kohtaa,Scandinavian Music Group,2002
SOPABSR12A8C13C8A7,You Win Again,Timeless,Martina McBride,2005
SOSZNRJ12A8AE46E38,Anyone Else But You,Juno - Music From The Motion Picture,Michael Cera & Ellen Page,2007
SOFQWCL12A6BD55659,Maia Sterling,ROBOTECH: The Shadow Chronicles,Scott Glasgow,2007
SOVNWTC12AB018C62F,Wanna Be (Explicit Album Version),Uni5: The World's Enemy,Bone Thugs-N-Harmony,0
SOXZZZU12A8C133278,The Rain,The Rain,Lou Rhodes,2007
SOPALIG12A8C132282,Shake It Up,Scarface,Elizabeth Daily,0
SOUMDFS12A8C144D19,I Cry (LP Version),We Will Stand / Yesterday And Today,Russ Taff,0
SOVOTNO12A8AE46E42,Major Tom '94(English Version),Major Tom'94(English Version),Peter Schilling & Boom-Bastic,0
SOEWZVL12A8C138EFA,Who I Am,Afrodisiac,Brandy,2004
SOUDJLU12AAF3B40A1,Escape From Rome,Escape From Rome,Cricco Castelli,0
SODFROX12AB01860B1,Strikethrough,Past Revisited EP,Peter Van Hoesen,0
SOLAEZP12A8C13C777,Henrieta,The Green Owl Comp: A Benefit For The Energy Action Coalition,Harper Simon,2008
SOXGHFU12A8C14412F,Your Arms Feel Like Home,Where My Christmas Lives,3 Doors Down,2008
SOGZDOC12A8C13CD92,Midnight Birds (Sa Ra Remix),Blue Note Trip 5:Scrambled / Mashed,Medeski_ Martin & Wood/Sa Ra Creative Partners,2006
SOCQXCS12A67ADA4EA,Telegram för en tennsoldat,Live,Cornelis Vreeswijk,1966
SOHEYSW12A67AD9084,Never Met A German,Talk To La Bomb,Brazilian Girls,2006
SOOEJNF12AB0188BF3,Stones You Throw,Anthology Of Releases: 2004 - 2005,Career Suicide,0
SOOVZCN12A58A7902F,Solaris,Solaris,Photek,2000
SOBYOOS12AC46872DA,Oriente,A Arte De Gilberto Gil,Gilberto Gil,1972
SOODZSU12A58A776BB,Perverted Eyelash,Elephant Jokes,Robert Pollard,2009
SOTBWWE12A6D4FA3AA,Eye Spy,When It Falls,The Race,0
SOIRHYR12A6D4FB8B5,Tiempo Al Tiempo,Mi Mundo,Marta Sanchez,0
SOXNKBO12A58A78BD8,Out Of My Head,Come Clean,Puddle Of Mudd,2001
SODPAMX12A58A7DE00,Knives and Faces,Raging Speedhorn,Raging Speedhorn,0
SOIPAKB12A8C13B132,Itoshii Toki,Murasaki.,Rie Tomosaka,0
SOIQGUI12A8C142E46,Suzanne,Live In London,Leonard Cohen,1967
SOVVEEM12A81C20140,Pump Up The Electro Volume,Hypnotized,DaVIP,0
SODCNFA12AC907589D,Telze',Aerobica,Max Brannslokker,0
SOXDDXC12AB0188CB6,Don't Stop Honey (feat. Cedric Burnside),Come On In,R.L. Burnside,1998
SOSPCLU12A8C136D27,Scream My Name,Back Against The Wall,Chaka Demus & Pliers,0
SOTOPUO12AB0185CA5,Girl's Got Rhythm,The Screaming Cat,Omar & The Howlers,0
SOUYAAO12A58A77683,I Do It For Your Love,The Lovers_ the Dreamers and Me,Jane Monheit,2008
SODAJTJ12AB0185735,All I Need (Key-Ab-Premiere Performance Plus),All I Need (Premiere Performance Plus Track),Bethany Dillon,0
SOEEWIZ12AB0182B09,Beyond the Borders of Sanity,PROSE EDDA,YGGDRASIL,0
SOARHKB12AB0189EEA,Microphone Check,Illegal Substance,Illegal Substance,0
SOBUMNM12AB01882B0,Arruyo de Dios,Infancia Olvidada,María Dolores Pradera / Amaya Uranga,0
SOALJJL12AB0188822,Corcovado,Bossa for Two Guitars - Experience Bossa Lounge,P & Q,0
SOSCWAI12AB018D4A9,Blow Up,Template,Popsicle,2005
SOMKACM12A8C13FE16,Music Is My Business,Music Is My Business,Roosevelt Sykes,0
SOPTTTV12AB0182842,Tonight,Songs From An Engineer's Daughter,June Star,0
SOVGHLF12A58A7DE10,Your Sweet Love,True To Yourself,Albert Cummings,2004
SOVIBLK12A6D4F9E02,Back To Back,The Fiancée,The Chariot,2007
SOUOXYC12A8C144E99,A Better World,A Better World,M.I.K.E. vs. Andrew Bennett,0
SOUOLRQ12A6BD5074E,Humppakavalier,Das Humppawerk,Elakelaiset,2006
SOSFZVM12A8C13D2FB,Clambake Boogie,I'm The Fat Man,Big John Greer,1992
SOMYVFW12A8C13993D,Je Dois Partir,Ma Génération,Ste Strausz,0
SOKJZDH12AB0181FEE,Júrame,Un Canto de México: Alejandro Fernández en Vivo desde Bellas Artes,Alejandro Fernandez,2002
SOHVOBH12A6D4FA6A9,We Trust In The Name Of The Lord Our God (Where Mercy Begins Album Version),The Ultimate Collection,Steve Green,0
SODYGJM12A8C13B9D1,Chi Ha Paura Della Notte?,P.F.M. Story,Premiata Forneria Marconi,1981
SOGBANX12A8C132DC5,Sunrise (Album),Whiskey For The Holy Ghost,Mark Lanegan,1994
SOIWTJG12AB017E6BD,Blow Ya Back Out [Radio Edit],Blow Ya Back Out [Radio Edit],Attitude,0
SOEDNSE12A8C13785B,Harpo's bazar,Sing & play,The Marx Brothers,0
SOOAIPI12AB017C018,The American,3,Nouvelle Vague,0
SORPFKY12A8C1437E3,The Letdown,Walk This Way,The White Tie Affair,2008
SOVZDZX12AB0187AC0,We don't fit in,Relentless,Never More Than Less,0
SOESHPQ12A8C13B930,I Couldn't Believe It Was True,Red Headed Stranger,Carla Bozulich,2003
SOCJFYP12AB0183FDA,A Man Without a Country,Sacrifice and Bliss,Stinking Lizaveta,2009
SONBYLL12AB0189B23,Darling Corey,Buell Kazee Sings and Plays,Buell Kazee,0
SOHJQXV12A8C13790F,Sex,Zen And The Art Of Beating Your Ass,9 Shocks Terror,0
SOGMGNR12A81C234B5,Bounce W/ WBW,The Essential Dog Vs Cat Audio Collection,Dog Vs Cat,0
SOQSSVN12A6D4FB3E7,Show Me The River,Eastmountainsouth,Eastmountainsouth,2003
SOXCZTJ12A6D4FC318,Fire & Water,Temporarily Disconnected,24-7 Spyz,1995
SOLFFHS12A8C13D7AF,You Can't Move Into My House,Meet The Family,Frenzal Rhomb,1998
SOZYXLS12AB01860E0,Carheart,Carheart,Virus,0
SOJAOKJ12AC468EE96,Oxygen,Hospital Tracks,Swat-Squad,0
SOOIVDB12AB017B9F6,Andropolis,Sorry About The Flowers,Venice is Sinking,2006
SOFJDRB12AB018198D,The Things We Did Last Summer,Live 1953-68,The Oscar Peterson Trio,0
SOLXVFF12A8C13A52E,Conakry,Zion Prophet,Takana Zion,2007
SORJXOO12A67ADF38C,Kein Wort,Zwischen Himmel & Hölle,Breite Seite,0
SOHMYCB12A58A79026,Jonah Joins The Cab,Rhapsody In Rhumba,Cab Calloway,2003
SOTVGNT12A58A81210,That Was Yesterday,The Everest Years,Charlie Shavers,0
SOJPGZI12AB017CC2E,Scarlet Winter,The Kings Invicta,Fetterline,0
SOQYAHB12AAA8C942D,Over the Stone - Concerto for Harp: Tros y Garreg (Over the Stone),Karl Jenkins: Quirk,Karl Jenkins/Catrin Finch/Carmine Lauri/London Symphony Orchestra,0
SOVQNJA12AF72A420E,Quik's Groove VII,The Best of DJ Quik - Da Finale,DJ Quik,2002
SOOPYYI12AB01844D3,L'Uomo Grande,Fragole Infinite,Alberto Fortis,1982
SOVTATY12A58A79C72,Telephone And Rubber Band (Live) (2001 Digital Remaster),A History,Penguin Café Orchestra,0
SOXWXIC12AB018A53A,Ghetto (feat. Gino Green),J-Kwon (Clean),J-Kwon,0
SONKDYS12A6D4FB10C,Serenade No. 13 in G_ 'Eine kleine Nachtmusik' K525 (1997 Digital Remaster): III.  Menuetto (Allegretto),Mozart: Academy in Concert,Sir Neville Marriner/Academy of St Martin-in-the-Fields,0
SOCXHJX12A8C1332D4,Decadent,Lightbulbs,The Answering Machine,0
SOQKBLD12AB01819EE,The AFA Song,Skinhead Times 1982-1998,The Oppressed,0
SOJTANI12A58A786DA,Miles Away (In the style of 'Madonna') [With Backing Vocals],Ace Karaoke Pop Hits - Volume 7,Ace Karaoke Productions,0
SOXNRCP12AB018330D,Je T'aime,Sound of Berlin - The Finest Club Sounds Selection of House_ Electro_ Minimal and Techno,Kolombo,0
SOQIJGG12AF72A3EC4,Everything I Own Fits In This Backpack,The Upsides,The Wonder Years,0
SOOYDWF12A8C14030A,Gli Amanti Di Val Morel,Il Disco Dei Miracoli,Piccola Bottega Baltazar,2007
SOXCOUN12A6701C32E,Hace Mucho Tiempo,Donde Acaba El Mar,Los Limones,0
SOFNZWZ12AAF3B4AA2,Cosmology,Tiny Blue Biosphere,Rhian Sheehan,2004
SOPADUK12A8C14154B,Am I Dead,Kings And Queens,Anti Nowhere League,0
SOFKSVW12AB017CBA0,schmetterlinge,individuum,Mutabor,2004
SORCALJ12A8C138C65,Tres Agujas,Del 63,Fito Paez,1984
SOJHGUV12AB018AD09,Ataypura (High Andes),Virgin of the Sun God,Yma Sumac,1950
SOXQJDK12A8C1381E5,Single,Home Truths,Pony Club,2002
SOGHTVG12A67ADAE1F,Outside World,Loveparade - The Album Of Your Life,Sunbeam,1994
SOIINCW12AB0189604,Flame Fire,Delroy,DYCR,0
SOGDEWJ12AB0184C06,Lie To Me,Rainy Night In Georgia & Other Favorites (Digitally Remastered),Brook Benton,1986
SOTTUCU12AB01893AA,Dieubouddhallah,Le best of,Les Wriggles,1997
SOADBBU12A8AE46DD1,The Warmth Of The Sun,Singin',Melissa Manchester,0
SOOXEWU12A81C21671,The Way He Was Raised,Everything Is Fine,Josh Turner,0
SOZWXBI12A8C13D56E,Subnubus,Fols  Rhizomes Pour Gilles Deleuze,Mouse On Mars,1995
SOFTVQX12A8C1426D4,Long Night Dreaming,World We Know,Crash Parallel,2008
SOCMRBE12AB018C546,I Got Love If You Want It,The History of Rhythm & Blues_ Volume 3 - The Rocknroll Years,Slim Harpo,0
SOWXTVV12A8C143381,Burned in Blue,Silber Hearts Mom,Glissade,2006
SOFAVWP12AB0182B32,Perpato Sta Kimata,To Pathos Ine Aformi,Peggy Zina,0
SOQZDEG12A8C143DDC,hoshi-ni-negai-wo,Photograph painted out with color,To Overflow Evidence,0
SORLUIT12A8C130024,Goofin Around,Heros Of Rock And Roll,Johnny Kidd And The Pirates,0
SOHZOCR12A8C14025A,Feel Me,King Of Disco,Akcent,2007
SONHDAW12AB01892EC,Denmark,Touchpaper,Claire Hamill,0
SOMSMCB12A8AE488A4,O Sonho,O Paraíso: 14 Canções,Madredeus,1997
SODFQHX12AB017F04E,My First Guitar,Caught In The Headlights,Absent Elk,0
SOYOMOM12A8C139A17,Perfect World,True Reflections,Boyd Tinsley,2003
SOFWNQG12AF72A0FC2,Boring,Dude Ranch,Blink-182,1997
SOWZVKI12AB0183066,Velvet To Atone,Fairport Convention: The Fairport Companion - Loose Chippings From The Fairport Convention Family Tree,Trader Horne,1970
SOKXJMJ12A8C139F95,Escapades Of Pan (Orchestral Version),Skyline Firedance - The Orchestral Works and The Solo Works: 2 compact discs,David Lanz,0
SOKLMOM12A67AE0CC2,Gotta Let It Go,Judgement Days,Ms. Dynamite,2005
SOLKMXO12AB0185394,Part 5: Awaken/Panic/Restraint,Music for Falling From Trees,Peter Broderick,2009
SONPEXR12AB0186E79,Girl Trouble - Original,The R&B Years,Chris Farlowe,0
SORSBYN12AB018A938,Yama Yama Pretty Mama (Digitally Remastered),Rock 'n' Roll Heaven - The Ultimate Collection - 125 Original Recordings,Richard Berry,0
SOQVGOQ12A6D2281ED,From A Window,Do You Want To Know A Secret,Billy J. Kramer,1979
SOGPNHR12AB01893E2,Down The Road Apiece,Speedball + 11,The Count Bishops,1977
SOZKXJS12A8C139797,A Short Supply (of Truth),Youth_ Betrayal & The Awakening,Union 13,2000
SODNLGA12A8C136B9A,Calypso Calypso,Total Recall Vol. 7,Peter Metro,0
SOYXAEH12AB018518D,Animal House,Walkin' The Razor's Edge (With Bonus Tracks),Helix,1984
SOLUWOY12A8C1347A2,Power Skit #2,State Of The Arts,Afu-Ra,2005
SOEKQZZ12AB017E346,Oblige,Able Archer,I Concur,2007
SORWZBI12A81C1F734,Voyager,Futura,Nação Zumbi,0
SONCJEM12A58A76C37,This Love,Bloom,Lou Rhodes,2007
SOZCWTY12A8C1396E0,Hardcore,O Yeah,End Of Fashion,2005
SOGAQRX12AB0180E23,Somewhere Along The Way (Mono) (1998 Digital Remaster),Cliff Sings,Cliff Richard,1959
SOUGPVV12AB0185408,Face The World,Nadine,Nadine Sutherland,0
SOHGWZL12A6D4FA43C,Morning Calls,A Mark_ A Mission_ A Brand_ A Scar,Dashboard Confessional,2003
SOETYFW12A8C143660,Track,Limited Edition 2004,Lewis Taylor,1996
SOGOWNX12A81C22003,Jam Dodger A,Enterprise Reversal,Wetdog,2008
SONGNZZ12A8C13CD8B,Give It Time,Middle Of The Road,Middle Of The Road,1971
SOGOGXJ12A8C1324C4,The Body Human,Point Blank,Robert Hood,2002
SOQIKCT12A6D4F676B,(It Will Have To Do) Until The Real Thing Comes Along (1995 Digital Remaster),Great Ladies Of Song / Spotlight On June Christy,June Christy,0
SORRAHC12AB018465F,Give Love,Give Love,Tristan Garner,2008
SOJJZPQ12AB0185B3C,Wishing Well,The Rules Of Hell,Black Sabbath,1980
SOSOSYE12A6D4FB8B5,What's A Lonely Girl To Do,I Got The Guns,Roger Creager,2000
SOWTPAI12A8C137E1E,It Is Familiar,Ears Will Pop & Eyes Will Blink,Bodies Of Water,2007
SOFQQXC12AB0188237,Zid,Dino Merlin - Burek,Dino Merlin,0
SOPWPNO12A67ADC7B8,Bear The Scars,A New Darkness Upon Us,Stampin´ Ground,2003
SOQPJEI12A8AE48C32,Gypsy Music,Innocence,Luka Bloom,2005
SOBWOII12AB0187C0E,All Blacks,Nagah-mahdi - Opuscrits en quarante-huit rouleaux,Sebkha-Chott,2006
SONWUAN12AF72AC6D5,Casanova 70 The Secret Of Cool,CASANOVA 70,Air,0
SONKXGL12A8C13A062,Hey Mr. DJ (XFM Session),Hologram World,Tiny Masters Of Today,0
SOOGILS12A6D4F75E3,Sunset Coming On,Mali Music,MALIAN MUSICIANS & DAMON ALBARN,2002
SOLYLVV12A58A7E2B9,I Am Your Girl (love is blue remix by A.T:F),The Gemini Prophecies (limited bonus),Neikka RPM,2004
SOPFLRW12A8C141B34,Year One Now,Morning Star,Entombed,2001
SOMSTSB12A6D4FAABC,Electra Glide,Celebrating 10 Years Of Groove,Down To The Bone,2002
SOJJSVY12AB017C014,Late Night Saint,Play It 'Til Tomorrow,Nick Moss_ The Flip Tops,0
SOKSQVY12A8C142295,10_000 Chariots,Mr. Marley,"Damian ""Jr. Gong"" Marley",1996
SOCKYMG12AC9071312,Genie,Losing Feeling,No Age,2009
SOCDJZZ12AB0189B23,Let me (original),Electrolessons 2,2MB,0
SOKCWTW12A58A7F41F,What's It Gonna Be,The Collection,Samantha Mumba,2001
SOLPHZY12AC468ABA8,Drumstern (BONUS TRACK),Sonar Kollektiv - Elektrish Compilation 2,Marcus Worgull,0
SOFERCD12AB0186E7F,Hump In Your Back,Jesse Fuller's Favorites,Jesse Fuller,0
SOVJFQD12A8C13952F,The Promise,The Venom Divine,Deadsoil,2004
SOQFGDV12A58A7CDD5,Poontang,Smiling Faces: The Best Of,The Undisputed Truth,1975
SOCFJXQ12AB0187636,Buckeye,Red River Rock,Johnny & the Hurricanes,0
SONZGVN12AC95F0507,Back to Basics,Morphonic Stacks Volume 2,Rumble Pack,2007
SOOWXKA12AB0184747,Anata No Kanata,Kioku Memento Mori Vizaru No Nikki feat. Rekka Katagiri,Rekka Katakiri,0
SOEVAOB12A67ADE6E3,Lucy,Lucy,Jealousy,2006
SOVGKMD12AB0186136,On a tué no pourchau,200 millions de francophones et moi et moi et moi...,Vitor Hublot,0
SOKHZED12AF72A8E54,I'm Glad There Is You,For Lovers Only,The Temptations,1995
SOBEJNU12A8C140DF3,Scotland The Brave (Scotland),National Anthems Of The World,The London Theatre Orchestra,0
SOGBTEI12AB018A31D,Lamento Borincano,3 CD Box Tesoros De Coleccion,Sonora Santanera,0
SOMHSWE12A58A7CE8A,Would A Stranger Do?,Parting Should Be Painless,Roger Daltrey,1984
SOYXCTT12A6D4F69CB,Thank You,BeBe Winans,Bebe Winans,1997
SOAXWSC12AB0182CAF,Giselle,Laurita,Richard Galliano,1992
SOGKGLB12A81C22AFA,Drunk and Hot Girls,Graduation,Kanye West / Mos Def,2007
SOQIUKK12A6D4FCB2B,Gimme_ Gimme_ Gimme (Extended Version),Gimme_ Gimme_ Gimme,yoomiii,0
SONYLZN12A8C13664B,Ich Lasse Mir Nichts Mehr Nehmen,...Und Wie Geht Es Deinen Dämonen?,Senore Matze Rossi,2007
SOBYYQJ12AB018072F,Good Times,Destination Everywhere,Twenty 4 Seven,2002
SOWTKMT12AAF3B41D0,Children Go Where I Send Thee,It's Christmas,Mandisa,0
SOQPBYF12A6701F31E,Preacher,The Evil,Diamond Rexx,0
SOPEMYX12A8C14516E,Background Of Malfunction,Not So Brave,Flux of Pink Indians,1981
SOPDSPX12A6D4FB4C7,The Gun,The Gun,Boss Volenti,2007
SOXQBTU12A8C13F5E0,Knowledge,Operation Ivy,Operation Ivy,1989
SOUCYZP12A8C130D5D,Savage Skulls,Night Must Fall,Padded Cell,2004
SOHFWFR12AB0184B32,Fucked with paranoia,In for the kill,Inhume,2003
SOJWHPR12A8C136091,747 (Strangers In The Night) (Live At The Hammersmith Odeon) (1997 Digital Remaster),Wheels Of Steel/Strong Arm Of The Law,Saxon,0
SOCZNEL12AF72A62F4,Pop That Pussy,Hot Venom,Rebirth Brass Band_ Cheeky Blakk,0
SOMGIJE12A8C138000,Think,Only A Woman,Judy Mowatt,0
SOCCPFZ12AB0183A47,Ablation,Human Larvae [Earthly Cleansing],Commit Suicide,2003
SOYURIX12A6701E960,Cryin',Big Ones,Aerosmith,1993
SOZIPFD12A8C1427BA,Mambo Gumbo,Border Crossing,Wanderlust,0
SOTWGEZ12A81356D40,308,Mainlanders,Ricaine,1996
SODRMHP12A58A7F5E4,Victim Of Love,The Circus,Erasure,1987
SOBPWUX12AB018B156,Je me tords,Je garde quelques images... pour mes vies postérieures,Lio,0
SOGKFQV12AB0184A8B,When The Light Is Gone live mix,Fusion,Ubar Tmar,1997
SOJHMSP12AB0187CB0,Through My Eyes,Voice From Home,FFH,2005
SOOJTQQ12AB0183D54,Nenphilis,Daemonicus Awakening,The Spektrum,0
SOBWWBM12AB0181D5B,Roxy Girl,TV Tube Heart,The Radiators (From Space),0
SOZGWET12D02194E8D,Cops And Robbers,Cops And Robbers,The Hoosiers,2007
SOGOCTP12AB017F5EC,Una paloma blanca,Camino verde,Diana Navarro,0
SOKTGIX12AB018B354,Intro,The Anatomy Of Melancholy,Paradise Lost,0
SOMHRYP12A8C13363C,Something About You,Time 2 Rock,Topmodelz,2008
SOEHBCY12A8C132CC6,Yesterday's Headlines,Symptoms Of A Leveling Spirit,Good Riddance,2001
SOQDSNK12A81C2008A,Stone Turns Black,13th Moon ~ Journey into future Consciousness,Kaya Project,2003
SOSBIPE12A8C13A3DE,Wake Me Screaming,Once Beautiful,The Last Dance,2005
SOFQMXH12A8C135CC9,1970,The Exies,The Exies,2000
SOFQPSQ12A6D4F61CE,Nickindia (remastered),Fires,Nerina Pallot,2005
SOLIGTK12A8C13529D,Quiero Mas,Salsa Disco Party - Live at Roseland,Charanga 76,0
SOLFTHI12A8C13D827,Enas Apo Mas (Anyone Of Us - A Stupid Mistake),Sahara Euro Edition,Sarbel,0
SOLCKOY12A8AE47B9F,Moving In With (Re-mastered version),Bummed,Happy Mondays,1988
SOIIEKW12A8C13BFB2,The Storm (John Dahlback Remix) (Feat. Cozi),The Storm,Jerry Ropero Featuring Cozi,0
SOKAJXZ12A8C134803,Ebb And Flow,Faithfully,Jenniffer Kae,2008
SOIVVKG12A6D4FAAD4,Bones,Nipple,Claw Boys Claw,1994
SOBIQAH12A6D4F664E,Happy,Fake Songs,Liam Lynch,2003
SOYCJUJ12A6D4FD5C7,Han Yan Cui,Sally Yeh 13 Greatest Hits,Sally Yeh,0
SOHSMGR12A8C13712C,Danse Macabre,Mephisto & Co.,Minnesota Orchestra,0
SOSDEWY12A8C132AE3,No Sympathy,Honorary Citizen,The Wailers,0
SOYMEQU12AB017F195,Till Ya Drop! 2007,Remy presents 68 Recordings_ Vol. 4,DJ Remy,0
SOEWYVQ12AB0185814,After Sunset 2009,After Sunset 2009,Veselin Tasev,0
SOVMDBS12A58A786EC,Eu Não Sou Da Sua Rua,Qualquer,Arnaldo Antunes,2006
SOFGUET12A8C13C1B0,Tom Dooley,Täydet 100,Kari Tapio,1999
SOFPXSJ12AB0186905,Två av Oss,Datanörd,Attack,0
SOZVCOB12AAA15CFB4,Shiver The Trees,Wendy,Attic Lights,0
SONYAJW12AB0188843,Woman In White (LIVE),Volume 1,220 Volt,0
SOIVXAJ12AB018904E,Devoted,2 1/2,Slowpho,2004
SOTCKRQ12A8AE46A98,Amerika (Live Verison),The Birthday Concert,Jaco Pastorius Big Band,1981
SOWZDNH12A6D4F7237,Until The Day I Die (Album Version),Page Avenue,Story Of The Year,2003
SOGIWEF12A58A7C495,Shine On,Free Yourself,The Untouchables,0
SOXIEQT12D021B11B4,Rubina's Blue Sky Of Happiness,The Beautiful Guitar,Joe Satriani,1993
SOURKPS12AB01894F2,Still...You Turn Me On,The Original Bootleg Series From The Manticore Vaults: Volume Four,Emerson_ Lake & Palmer,2008
SONVOTM12AC468AA71,Los barrios de Santiago,Semtimiento Guajiro,Los Compadres,1999
SOOLBER12A8C137839,Love Appetite,Nudge It Up a Notch,Steve Cropper & Felix Cavaliere,0
SODEACR12AB0180DD2,I,AbsoluteNegativism,Årabrot,0
SONFGYH12AF72A0C0B,Holdin' On To Yesterday,Live,Ambrosia,0
SONFDGJ12AB01877C8,Latin - Phone Message,Leftovers,Andrew Gold,0
SOXRXHX12AB01845BF,The Man Without A Name,Desolation Street,I Walk The Line,2006
SOCAFQS12AB018ADA3,The Playhouse Saint,When Dalliance Was In Flower Volume 2,Ed McCurdy,1996
SOHHGPA12A6D4F649C,Between Tholozan And Oleatha,Gateway To Dignity,Grand Ulena,2003
SOIMEWD12AB01892E8,House Of Broken Dreams,Reflections,Crosby_ Stills & Nash,0
SOLOHVV12AB0188B37,Moose On The Loose,The Sickest Men In Town!,Vicious Rumours,0
SOITQCG12AB017B5A4,Nuns Leg,You're Lucky To Have Friends Like Us,Shit and Shine,2006
SOJLHLJ12AB017C620,Poppin Wit Game,Fillmoe 2 San Jo,Assassin,0
SOFGPFG12A58A78043,Sons Of Sarah Connors,A Penny For Your Thoughts,Megalon,0
SONPYQW12A8C138AB7,My Moves Are White [White Hot_ That Is] (Album Version),¡Viva La Cobra!,Cobra Starship,2007
SOLVHNE12A58A79134,Open Arms Monkey Business Club Mix,Open Arms,Liquid Spill,0
SORUYSO12A8C13A4F7,Hymn,Hymn,Cabballero,1994
SOQBGZD12AB0184341,Rewind (Demo),Riot!,Paramore,0
SOKHRVS12A6D4F939E,Alo Fevereiro,Doris Monteiro,Doris Monteiro,0
SOBXEVA12AAF3B162C,Labels Of Blues,Forgone Conclusion,Shotgun Honeymoon,0
SOCAXWE12A8C13CEC0,This Cocaine Makes Me Feel Like I'm On This Song,Mezmerize,System of a Down,2005
SOTCNFE12A8C143140,The Real Me featuring Ria Currie,Four Flights Up,Speedometer,2007
SOTOMVY12A81C228F5,Sew My Name,Sew My Name,Josh Pyke,2007
SODLZIA12AB018349F,Give Thanks and Praise - Original,Barry Brown's Step It Up Youthman,Barry Brown,0
SODGYUZ12A6D4F4BB9,Sailing To The Botton,The Trashcan Electric E.P.,Williamson,0
SOIADIW12A8C1344E1,The Blues Ain't Nothin',Pattern Disruptive,The Dickey Betts Band,1988
SOBFAYW12AB017F5E6,Entrapment,What Poor Gods We Do Make,Naked Raygun,2007
SOWZYRU12A81C2009A,Kaizers 115. Drøm,Maskineri,Kaizers Orchestra,2008
SOCBYZN12AB0189CFC,Callin' Heaven,Stomp the Floor,Arthur Adams,0
SOEDQXW12A8AE458B8,Jesus Christ,Rush Hour,Wesley Willis,2000
SOQVOIM12A8C140DF9,Hungry Belly,Faso Kanou,Manjul,2005
SOHLRUF12A8C13F0FF,Sauver L'Amour,L'Inoubliable,Daniel Balavoine,1985
SOTFIKQ12A6D4FB45F,Don´t Let It Bring You Down,Why Don't We,Sandhy SonDoro,0
SOBXHIT12A8C130F59,Tell Me Mama,Bag Full Of Blues,"Willie ""Big Eyes"" Smith",1995
SORFEVJ12AB018808F,Bucket Of Crawfish,Yeah_ you right_ eh!,Loco Zydeco,0
SOENKQZ12A8C13F190,Rock-Legenden,Champagner & Zigarrenqualm,Planlos,2002
SOWKTBD12AB018287F,Fuersattel,Grains,Boozoo Bajou,2009
SOJHMVN12AB01804FA,Thirteen,Stones,Not Your Average Hippy,0
SOQWCEI12A8C13C4B0,Moonlight,Sing Or Die,Dreams Come True,1998
SOMDXDQ12A6D4FB86E,I Believe In You (1997 Digital Remaster),Introducing... Talk Talk,Talk Talk,0
SONYVYY12AAF3B20A6,The Way I See (93bpm),Papa Acapellas Vol. 3,Domu presents Pete Simpson,0
SOWYLTT12AB0181AFB,Ambivalent,Trapez 100,Dominik Eulberg,0
SORQBUV12A6D4F784E,Major Happy's Up And Coming Once Upon A Good Time Band,Archaeology,The Rutles,1996
SOCOHWT12A6D4FC60D,Movin' On Up,Bone Head,Half Japanese,1997
SOVEAZE12A8AE48779,Sonata In A Major Op. 120 D 664: I. Allegro Moderato (Schubert),Schubert: Piano Works Vol. 4,Massimiliano Damerini,0
SODPODN12A8C13A728,Undercurrent (Alucidnation Downtempo Mix),The Chillout Lounge-More Downtempo New Grooves For Late Night Lounging,Fragile State,2008
SOLWVBE12A58A79EDF,I Wish I Knew,More Coltrane For Lovers,John Coltrane Quartet,1963
SOLLHVI12AB018E889,Masse,Lumen EP,Niederflur,0
SOHYPMX12A8C13D86D,Uncle Darrow's,Philly Style,Jeff Lorber,2003
SOJYJHM12AB018372C,Body And Fender Man,Goodnight_ Dear,Microwave Dave and the Nukes,1995
SOWKNBL12A8C13D663,Gemini (Birthday Song),Elephant Eyelash,Why?,0
SOJWFZL12AC4686146,Sax Boogie,Best of Boogie Dance Lounge,Cantovano and His Orchestra,0
SOFOTQM12A58A7CECF,It Won't Escape Those Lips,Sober,Venice,0
SOMQRTU12AB0189022,Coming Home,Urban Art Forms Black,Eric Sneo,0
SOQOVYO12B34F1C123,hug acoustic version,Seasons,T-Bone,0
SOXBLQX12A6D4F92CE,After dark,Blacken The Angel,AGATHODAIMON,1998
SOJSJIV12A8C144088,Karlovy Vary,Chlebicky,Bratri Ebenove,2008
SOLKNGQ12A6D4FB1B0,Never Comin' Home,Second Season,Halfway to Gone,0
SODBJLG12A81C218A1,Rewind,Relapse,Chiasm,2005
SOVFZBK12A8C13977A,Nadie Me quiere,Se Buscan Fulmontis,Los Enemigos,1990
SOESLPP12AB018429A,Cuando Te Hablen De Mi,4,La Habitacion Roja,2003
SOZEONA12A8C13F996,Job,A Child of God,Patent Pending,0
SOXNUEI12A8C133339,Somebody Loves Me,16 Most Requested Songs,Kate Smith,0
SOYMCPD12A8C142263,Take Your Time Rag,The Complete Blue Horizon Sessions,Furry Lewis,1999
SOIXMRR12A8C134F92,D.D.T. Fin 13,Music For Insect Minds,Halo Of Flies,0
SOCLFMR12AB0181A3E,Me Name Tiger - Original,Tiger's Lyrics Fi Yu Money,Tiger,0
SOUNTYG12A8C137DE8,Sailing Keeps You Safe,Triptych,Shooting At Unarmed Men,2007
SOPYOTX12AAF3B299B,Broken Arrows,Broken Arrows,Rabbit,1973
SONSZFB12A6D4F78C4,I Can't Stand Losing You,I Think It's Going To Rain Today,Curtis Stigers,2004
SOZXWZX12A8C133386,The Clockwise Witness,The Clockwise Witness,Devotchka,2008
SOLWEWE12A6D4FCE3A,Celebrate the Summer 2006,Celebrate the Summer 2006,Lacuna,0
SONNZRF12A81C2233D,Jälleen on meidän,Haikara,Haikara,0
SOSNZUG12AB018C32B,Ain't Got Time To Waste,Time 2 Recop,Bullet,0
SOAKTIS12AB018536B,Chapter 7: Every Round With God Goes Higher,Worship And A Word: According To Your Faith,Smokie Norful,0
SOUBJXS12A6D4FBC96,Circles,Kreidler,Kreidler,2000
SOKCZCY12AC468BCE4,Cocha Meu Minino,¡¡¡Esta Que Te Cajas!!!,Heredeiros Da Crus,0
SOENIVI12AB01818CF,Don't Sleep,Don't Sleep,Audio Soul Project feat. Nathan Drew Larsen,0
SOTXYUR12A8C1321AD,Going Back To Louisiana,Dynasty,Carey Bell,0
SOAHEJP12A6D4FD434,Big  Ass Green Van,Raw Deal,Bill Perry,2004
SOADMRU12AB018AD40,Jesus Is Coming,Kill.Fucking.Everyone.,Watchmaker,2003
SOXBEHR12AB018B87C,Cafezinho,Brazil Chill,Bob Baldwin,2004
SOTPWHK12A8AE46DC8,Never Knew Love,Love Songs,Rick Astley,1991
SOYVJIN12A6D4FA041,Mississippi Delta,HMV Easy - Bobbie Gentry The Collection,Bobbie Gentry,1967
SOCRCTI12AC468E2EE,Vågorna,När Verkligheten Tränger Sig På,Patrik Isaksson,1999
SOKOKHE12A6D4FA5A4,Prayee,The Best Of The Chantels,The Chantels,1958
SONKBKD12A81C21EFA,Hideaway (Album Version),Straight To The Heart,David Sanborn,0
SODYRAW12AB0182770,Red Apples,God Is Saying This To You...,Kurt Vile,2009
SOKIAOC12A8C136D9E,Assembly Line,Live In Connecticut,Steve Morse,0
SOXWEQX12A58A7CEB6,Lord Of Lies,Today's Report/Special Edition,A.C.T,1999
SOGWJSL12AC4686243,La Mosca,Black Hole Radio April 2010,Impact,0
SOCTHWT12A67AD74DE,La Mujer Del Torero,Colección Diamante: Rocío Jurado,Rocio Jurado,0
SOWYCLT12AB017DF81,Malancolo,Las Puertas Abiertas,Conjunto Clasico,0
SONYZFC12AB0186A5E,Forgotten Lives,Trance Sessions Volume 11,Eastern Star,0
SONGHTM12A8C1374EF,Shi Yi,Valen'S Love Movie Theme Song,Valen Hsu,0
SOMYZWF12AB0187396,Just a Dream,Dirty Mother Fuyer,Billy Boy Arnold,2006
SOOVQPL12AB018E6A1,Antartica,Ama Zone,Asia 2001,1998
SOAXBEJ12AB018265A,Venus,Les plus grands succès de Gloria Lasso (Best Of),Gloria Lasso,0
SOBADGE12A6D4F9C0E,Your Ma Said You Cried In Your Sleep Last Night  (2006 Remastered LP Version),Nine Lives [Digital Version],Robert Plant,0
SOOAQKL12AB0182A79,No Easy Way Out,No Easy Way Out,DJ Fait,0
SOAZKIB12AB0183BE7,Start,Start,Omni,0
SODXJER12A6D4F706D,All Night Long,Rollin' Stone - A Golden Anniversary,Muddy Waters,1991
SOWXMWX12A58A79815,Sandhurst In Zero G,How To Do Battle,Senser,2009
SOJHKCY12A58A7DF1D,Iron Butterfly Theme,In-A-Gadda-Da-Vida / Iron Butterfly Theme [Digital 45],Iron Butterfly,1967
SODCZXC12AB017EABF,Cancerboy on Hash,Blue Screen of Death,DD/MM/YYYY,2005
SOIMROE12A8C13BEF5,Vallejo,The 7/8 Wonders Of The World,Miracle Chosuke,0
SOGYNVM12AC9074FE9,It's A Blessing,Warrior,The Jackson Southernaires,0
SOWILJK12A8C1336A9,Help Me to Understand,All in Good Time,Johnny Jenkins,0
SOWILYC12A6D4FC186,Never Seen The Light Of Day (Radio Edit),Never Seen The Light Of Day,Mando Diao,2007
SOTGSET12AB0184C31,The Bubble Effect,Leviathan (Break The Spell),Scienz of Life,0
SOGJNKE12AC468E255,Dig It,Dig It,Pirupa_ Pigi,0
SOSIWDC12AC468E484,Undulation,Mind Edit,Riow Arai,0
SOYGRJY12AB01870A1,So Alone,Guitar Master,David T. Chastain,0
SOCCSUR12A8AE47BF3,Believe Yourself (Album Version),Waiting For Zero,One Way System,0
SOWKSUA12AB018555A,First Love,Keepin It Real,C-Block,0
SORCNQK12A8C1389A8,Make Me Feel ,Make Me Feel - Single,Benassi Bros. Feat. Dhany,2005
SOWXSSY12A8C136A63,Como Eu Queria,Tihuana,Tihuana,0
SOHYSJK12A6D4F84C9,La Verdadera Libertad,El Salmon,Andres Calamaro,2000
SOCQZVP12AAF3B2D0F,Valiums A Tu Tia,Rock En Espanol - Lo Mejor De Los Amantes De Lola,Los Amantes De Lola,0
SOZFEDQ12A8AE46727,Merciless tyranny,Decimate christendom,Incantation,0
SOVMYRQ12AB0182272,Dialogue,The Clancy Brothers And Tommy Makem Live at Carnegie Hall - November 3_ 1962,The Clancy Brothers With Tommy Makem,0
SODTIEG12A8C137473,God Only Knows,Lullaby Renditions of The Beach Boys,Rockabye Baby!,0
SOLQPAF12AF72A9F72,The Art Of Parties,Tin Drum,Japan,1981
SOZKWPU12A58A7B8AF,It Keep Rainin' (Tears From My Eyes) (Radio Edit),It Keep Rainin' (Tears From My Eyes) (Single),Bitty McLean,0
SOKHXME12AB01847A9,Tomorrow's Gonna Be,Better Day,Continental Drifters,2001
SOFBBKR12AB0186664,Invisible,Blink Of An Eye,Enchant,2002
SOHPKUM12A8C13B730,Benedito,Favela Uprising,AfroReggae,0
SOETLZL12AB0183528,I Wish We'd All Been Ready (Key-Ab-Premiere Performance Plus),I Wish We'd All Been Ready (Premiere Performance Plus Track),DC Talk,0
SOJRMHT12AB0181886,Soul Power,Heavy Hustling,Kokolo,2008
SOXCNWQ12A8C1464BE,Oh Take Me Back,Charlie Haden Family & Friends - Rambling Boy,Charlie Haden / Tanya Haden / Rachel Haden,0
SOUTVSR12AAFF443CD,Cuanta Vida WLopez & D Ferrero House Remix,Pastora Rmx Ed Elegant Distortion,Pastora,0
SOUMLSQ12A6D4F64AE,New Boys,Live At The Roxy,The Adverts,1987
SOGLTZW12A6D4F6E95,Fan Mail,Punk Singles Collection,The Dickies,1979
SOWLEXJ12A6D4FB1BC,Linha Vermelha,O Silêncio Que Precede O Esporro,O Rappa,2003
SOEYBQL12A8C1438F2,Rowdy,Cameo Parkway 1957-1967,Clint Eastwood,2005
SOODAJQ12AB018406F,Mamma Voglio Anch'io La Fidanzata,Italy & Italy (Le Canzonette Italiane),Natalino Otto,2005
SOECJBI12AB0180892,Rimes Instinctives,Rois Sans Couronnes,Nessbeal,2008
SOTYADO12AB0185F90,Liisborg Error,P*N*M*B,Feadz,2009
SOWOBXI12A8C142308,Get Off The Stage,Cyrano The Musical,Normie Rowe,0
SOVJBUZ12A58A7D198,C.e.b. (Album Version),Flesh And Blood,No Innocent Victim,0
SOIZJPO12A6D4F7930,Warn Them Jah Dub,Dub It To The Top,Yabby You,0
SOOBKOB12A8159E90D,Shelter In The Storm (Album Version),The Postman - Music From The Motion Picture Soundtrack,James Newton Howard/The Postman Soundtrack,0
SOMJYWX12A8C137FD4,I Love You Haters,Spirit Of '94,Kaze,0
SOEBDJX12AB017FFFC,You Don't Know What Love Is (You Just Do As You're Told),Red,Daniel Merriweather,2009
SOBWZVQ12A8C134933,Take Me To The River,Super Hits,Exile,0
SOOROWA12A8C138421,Let it Go,Basses Covered,Bernard Harris,0
SOZUNRG12AB01845A7,Into The Floyd,Chad Smith's Bombastic Meatbats,Chad Smith's Bombastic Meatbats,0
SOYVVSZ12AB01847EC,Jet set,Robando gallinas,Los Manolos,0
SOLBVAB12AB018CB51,I Believe In Miracles,I Believe In Miracles,Sunlightsquare,0
SODJIWI12AB01872AB,Honey Pie,Crazy Kind Of Life,Bill Perry,2002
SOFSLEC12AB017D471,Elefante,Il suicidio dei Samurai,Verdena,2004
SOYWXLR12A8C1375FB,Intro (grooveman Spot Remix),Re New Awakening Part.2,DJ Mitsu The Beats,0
SOUYBIQ12AB0187749,Chasing The Sunrise,Fable / Chasing The Sunrise,Luke Terry,0
SOONPMW12AB018656B,Young Girl,First Class Citizen,Edi Fitzroy,0
SOHSMUP12A8C145627,Bookie Blues,Basie Jam: Montreux '77,Count Basie Big Band,0
SOLCIEV12A6D4F7861,Mudslide,The Singles,The Bluetones,2000
SOBXXHS12A8C13EF9C,Sketch For Dawn (Live 13.8.1981),Live In Bruxelles 13.8.1981,The Durutti Column,2008
SOSFBKH12AB018123C,Io Vado Con L'Anima,Canzoni da Ricordare,Gino Paoli,0
SOXUNVW12A8C13F88E,New Frontiers,New Frontiers,Aural Float,2001
SOBCSQM12A6D4F9ABC,I Go - Live At The BBC [31/5/66],Billy Fury - Live At The BBC,Billy Fury,0
SOKWTZZ12A8C13F6DA,Like Sunshine,Story Teller,Heston,2009
SOXOUGK12AB018522D,It's A Trip (Stems Mix),It's A Trip,Shakespears Sister,0
SOIOPCJ12A8AE47A38,Un Abecedario Sin Letras,Voy A Acabar Borracho,Platero Y Tu,1996
SOXZIWC12A58A7C7D1,Dirty Disco II (Pre-Mix version),From The Hip,Section 25,1984
SOKOARK12AB0185BB5,Attention Cherie,Fresh With Your Head,April March,0
SONWVZM12A8C13D2CA,Don't You (Forget About Me) (Album Version),Ugly,Life Of Agony,1995
SOQKOBP12AC468978B,Until Now,Planets,Adema,2005
SOLEEJT12AB01830A3,Zanzibar,Cantiga De Longe,Edú Lobo / Airto Moreira / Hermeto Pascoal / Claudio Slow / Jose Mariono,1971
SOBQZKH12A8AE48A02,Heroes Get Remembered_ Legends Never Die,Rise Or Die Trying,Four Year Strong,2007
SOCOXLM12AB0184661,Abre los ojos,Ansiedad,Mala Reputación,0
SOJDFMC12A58A77523,Everyday I Have The Blues,Jake Head Boogie,Lightnin' Hopkins,1999
SOIJVKL12AB017F16E,Tamarack Pines,Forest,George Winston,1994
SOXLXJS12AB0183CE4,Everybody Loves You Now,Further Than Heaven,The Hassles Feat. Billy Joel,2003
SOKOYSW12A8C139E9A,A Touch Of Paradise,Belvedere,Beady Belle,2008
SOTGSOV12A8AE46667,He's Pulling His Whiskers On,The Best Small Jazz Bands (1936-1955),Hot Lips Page,0
SOTAPTD12A8AE47B2F,I've Been Waiting,Riddim Driven: Engine,Anthony Cruz,0
SORHTCN12A58A7E8A5,She Wishes I Were You,Suspicion,Terry Stafford,1994
SOANGNI12AB0182586,Cadillac Solitario (Rockdelux Experience 23/11/04),Rock & Roll Star - 30 años,Loquillo,0
SOJMKIG12AB01824F6,Superstring,Superstring,Kain van Stone,0
SOVUCRS12A58A7D207,Out Of My Mind,Where The Light Is: John Mayer Live In Los Angeles,John Mayer,0
SOCSIJZ12AC9070DAA,Thrasher,Enter The Grave,Evile,2007
SOFTBNV12AAF3B5548,All I Can't Explain,It's A Funny World,Mae Moore,2002
SOZSNFO12A6D4FB782,EYE OF THE STORM,Recovered,HEATHEN,2004
SOBBPMK12AB01837C1,Already Died,Peace Love Death Metal,Eagles Of Death Metal,2004
SOMLQYN12A8159E914,Rambel In De Jangel,Sechs,Basti Grub,0
SOTEKHJ12A6D4F9489,Abusus Dasein 12,Reader's Darkest,Stendal Blast,0
SOHQRHJ12A8C1366CD,Solo Te Llame,Reggaeton Fury,Plan B,0
SOVAYXV12AB0182E81,You Were Alone,Vs. Children,Casiotone For The Painfully Alone,2009
SONPADF12A58A77E71,Like You (Supermayer Mix),Go Commando with JDH and Dave P,Gui Boratto,2006
SOVZUHE12AB0182C9B,Save The World,New Mountain,Mick Clarke,2000
SOAEICN12A6D4FABAF,La Princesa De Mis Sueños (Octeto Versión),Sonorama,Obk,2004
SOPILLI12A6D4FB80D,Intro,Heat,H.e.a.t,2008
SOTIBFK12A58A7A888,Talk Show,Radio Fusebox,Andy Stochansky,0
SOWTNUY12A8C13FC73,California (Live),Hadag Nahash - LIVE,Hadag Nahash,0
SOAYRHV12A6D4F71E1,Tomorrow (Live Version),Domo Arigato,The Durutti Column,1985
SOBQONR12A58A7C0EE,Little Paradise,Crimes Of Passion,Pat Benatar,1980
SOWJTWO12A8C13A742,Bodyfly (Conrado Martinez Remix),Bodyfly,Dynamix Featuring Inda Matrix,0
SOGTOZJ12A8C13F714,Push the Right Knob,It's All Downhill From Here,Bastian,2003
SOBCMYU12A6D4F90E3,The Change Came Suddenly,A Great Artist,A Life Once Lost,2003
SOLFCBI12AB01826DF,Palace Of My Soul,Guide To Personal Happiness,Lispector,2008
SONNQJM12A8AE463F4,Tim Dom Dom,Favourites: From Samba Esquema Novo 1963 To Africa Brasil 1976,Jorge Ben,2006
SOYWYLU12A8C1437C1,Kolmatta linjaa takaisin  -Beautiful in the Rain-,1968 - Musiikkia & muistoja,Fredi,0
SOEMMLV12A6D4F7DBA,Love For Sale,Soul Legends - Marvin Gaye,Marvin Gaye,2006
SOJOLDE12A679C807D,Prologue (Little Shop Of Horrors),Little Shop Of Horrors,Michelle Weeks / Tichina Arnold / Tisha Campbell / Bill Mitchell,0
SONEIRT12A8C13A4E5,The Level,The Last Ones,Sun Eats Hours,0
SOUCAFM12AB0187A12,La tua fretta,Solo un grande sasso,Verdena,2001
SOEYBGL12AB018E86A,Weh the Love Gone,Old School Riddim - EP,Natty King,0
SOMGYZK12A6D4F885E,East To West,Rondelet Records - Punk Singles Collection,Anti-Pasti,2006
SOXJAVC12A8C133762,Luodinkestävä poikaystävä,Perustuu tositapahtumiin,Kimmo Liskomäen Pitkät Kalsarit,2008
SODJILD12A8C14166C,Naa Puchna,Forever Gold,Malkit Singh,0
SOVPKVY12AB0187F0E,Send Me On My Way (Album Version),Music From Party of Five,Rusted Root,0
SOFDQLD12AB0187BFA,W.L.T.M.,Tadpoles In A Jar,Jimmy Nail,0
SOBZKXI12A6D4F8AD9,Nordlandsbilleder (Pictures from Nordland) Suite No. 1 Op. 5: I.       Kvinneprofill (Portrait of a woman),The long_ long winter night (Dan langje_ langje vettranattae),Leif Ove Andsnes,0
SOJCLQF12AB0182BFA,No Place To Run (Live In Hammersmith 'BBC In Concert'),The Official Bootleg Box Set,UFO,0
SOATYUA12A6D4F72F5,Don't Blame Me,Timi Yuro - The Very Best Of,Timi Yuro,1961
SONGXCA12A8C13E82E,Lei M'Ama,I Ribelli,I Ribelli,0
SOICFJP12AB0187CAD,Back Home,Back Home,Joe Smooth,0
SOQEVFJ12A8C136B71,14 Valses/Waltzes (2005 Digital Remaster): No.6 in D flat Op.64 No.1,Icon: Dinu Lipatti,Dinu Lipatti,0
SOAVLXW12AF72A509E,Gun,Louder Than Love,Soundgarden,1989
SONOEYM12AB0182599,Rosary Job (Demo) (Album),Enter The Vaselines,Vaselines,0
SOPSEHS12A8C141379,When Something Old Dies,Real Live Thing,Kingston Wall,1994
SOMBCRC12A67ADA435,Feel The Heat 2000,Feel The Heat 2000,Masterboy,2000
SOQHMHF12A58A7E197,Track & Field,The Lowdown Sampler Vol. 2,Demarkus Lewis,0
SOVGDZU12A8C13D701,Love Don't Go Through No Changes On Me,The Best Of Sister Sledge,Sister Sledge,1999
SODPIEV12AB01872A4,You Are,Lightweight Heavy,Fat Jon,2004
SOZDRAT12A8C13FB18,Falsified,Not An Exit,Miles Hunt,0
SOFOCST12A6D4F7D70,Third Marie_ The  (The Right Amount Album Version),The Right Amount,Bon Voyage,2002
SOWJBWF12AC468BB8D,Cheche,Patrick Saint-Eloi à l'Olympia (Live concert),Patrick Saint-Eloi,0
SOWYWLK12A58A7AD18,Sodom & Gomorrah,Underground,The Twinkle Brothers,0
SOUDDOW12A8C145E82,Ode til Arne Nordheim (I-III),Blårollinger - Mer musikk for rockeunger!,Jono El Grande,0
SOORHDL12A8C138B81,Big Brat,Live At Sony Connect,Phantom Planet,2004
SOMUTLP12A8C13586F,The Love I Never Had ,I See Dead People,The Monsters,0
SOVOSIH12AB01821E2,Alguien La Vió Partir,Diego Torres,Diego Torres,1993
SOUSYZT12AB017FCD6,Forgiven,Forgiven,The Space Brothers,1998
SOYPVQN12A8AE47DF4,Outra Rezada Do Pinto D'Herbòn,A Terra Dos Comentos,Ruxe Ruxe,0
SOAEGQX12AB0187774,If'n Myself To Death,Rancho No Tengo - Soundtrack,Joe King Carrasco,0
SOUNMQA12A8C143867,Du Sommeil_ du Soleil_ de l'Oseille,Du CSur à l'Outrage,La Rumeur,0
SOSBCUK12A8C13ADFF,Put Your Drink Down [Original],WELCOME HOME,Mr. V,0
SODFLJM12AB0184559,Jack O'Diamonds / Merrily Kiss The Quaker,Between Earth & Sky: The Pulse of Celtic Music,Robin Bullock,0
SOCOULR12AB018BBAC,The Deep Project,Running Away / The Deep Project,Filter,0
SOJNHXP12A58A783FE,Salsanova,Salsanova,Johnny Fiasco,0
SOOKGLB12A8C140F1A,If You Tolerate This,If You Tolerate This,Eric Chase,2010
SOBSGRS12AC468C570,One Bedroom Apartment,Black Coats & Bandages,Clann Zu,2004
SORVOQS12AF72AAE49,Te olvidarás de mí,Aire,QBO,0
SOJRTIT12AC9097CC6,Talkin' that Talk,Bread & Butter,The Jive Turkeys,0
SODBEBU12A6D4FACEE,tides that kill,THIS IS MY BATTLEFIELD,Panzer AG,2004
SOUBFAS12AB018E24D,Double the Dose,The Only Way From Here,Go Drowsy,0
SOOYCPU12AB017D477,Didnt Feel No Pain,Be It,Nicole Willis,2004
SOJLPCD12AB01836A2,Cold War,Big Echo,The Morning Benders,2010
SOTDWDK12A8C13617B,Raga - Shuddha Sarang_ Aalap,Unsung - Vol. 3,Bhimsen Joshi,0
SOOBEHW12AB0180C33,Single Second,Two Faced,More Than Crossed,0
SOKLISZ12AB0188CEC,I Want To Hear It From You,Live ,Go West,1987
SOTECRE12A58A7A5E0,Unseen World [Explicit],From Where???,Mad Skillz,0
SOYNIIA12A6D4F80DF,String Quartet No.12 in E flat major Op.127 : III Scherzo (Vivace),Beethoven : String Quartets Vol.4,Endellion String Quartet,0
SOYFQPR12A6D4F72B6,Attitude (Nobody But Me),Cool Blue,Robert Moore,0
SORXAFL12A8C134097,Rehabilitacja Komunistów,Kosmopolak,Jacek Kaczmarski,1987
SOPEXXO12A6D4FBAD4,Sucker 4U,Roxxx in The Disco,Wealthy Beggar,2004
SOFKQUW12AB0182ECB,Familiar Places,Winter Hours,Winter Hours,1989
SOPQYOT12AB018C3BD,(So schnö kaust gor net) schaun,Sweet16 - Texta live! backed by S.K. Invitational,Texta,0
SOSHHWV12A8C13B31B,Come To The Bower,The Crock Of Gold,Shane MacGowan And The Popes,1997
SOFWWYL12A81C2308A,Beatitude,Beatitude (Vocal Versions),Duderstadt & Kirsty Hawkshaw,2007
SOJLWIV12A8C13AD66,Com Portugal No Coração,Anda Cá &I_& Anda,Fernando Correia Marques,0
SORGJCT12A58A7C536,Mystery Trip (Original Mix),Destinations EP,Auditory Canvas,0
SODRBYB12A8AE47DA5,El Viejo Del Sombreron,Canta Como: La Sonora Dinamita,La Sonora Dinamita,1994
SOSYMFN12A81C20607,The First Queer Santy Claus (Album Version),A Very Larry Christmas,Larry The Cable Guy,2004
SOWOTSI12A58A79066,Big Town,AMOR - Nice OLD Music - Gute ALTE Musik,Roy Brown,0
SOVFLBO12A8C135F1D,Blown Away,Drop-Dead,The Violet Burning,2006
SOYRBZA12A8C140C12,Sing Their Souls Back Home,Mr Love And Justice,Billy Bragg,2008
SOYGETW12A8C139661,In Search Of My Heart,Tropical Postcards,Roseanna Vitro,0
SOPEFYL12AB01897D1,Mozambique,Blow Up,Richard Galliano,0
SOJPFBM12AB0187400,Love Don't Live Here Anymore,Original Hits - Love,Jimmy Nail,1985
SOLREQD12A81C21FCB,Special Agent (Railroad Police Blues),Legendary Country Blues Artists - CD B,Sleepy John Estes,1938
SOSBTBI12A8C1409BE,Triste Tropique (feat. Olodum & Edy Vox),Confessions d'un Enfant du Siècle Vol.2,Rockin' Squat,2009
SONAWVE12A6D4F3069,Just Barely Famous,Just Barely Famous,Herb Eimerman,0
SOFCQDX12AB017EDDD,Nothing Touches Me (BBC Radio 1 Evening Session),Pablo Honey (Collector's Edition),Radiohead,0
SOXCAWC12A8C144428,Sugar Babe,Rhythm & Blues Vol. 3,Buster Brown,2002
SOXLNIU12A58A7CDA7,An Sagairtin,From My Tradition: The Best Of Joe Heaney,Joe Heaney,0
SOEITUN12AB017CA3A,E'she'no (World),People of Peace,R. Carlos Nakai,0
SOEWRUN12A58A78D81,Bone And Flesh,Waters Of Eden,Tony Levin,2000
SOBRQFP12A67ADA838,Hora de cambiar,Dias que no vuelven,Play,0
SOEBURP12AB018C2FB,Journey Stages,Journey Stages,Yespiring,0
SOCHJAH12A8C14050F,Doctor Clayton Blues,Doctor (Peter) Clayton 1935-1942,Doctor (Peter) Clayton,0
SOROJHK12A67FFB3C4,You're Always Near,The Time Has Come,The Alarm Clocks,0
SOCCGSY12AB0189AE1,Me He Acostrumbrado(Con NS),A Puerto,Magnatiz,2000
SOJWEBW12A8C13AEEC,Help Is On Its Way,Definitive Greatest Hits,Little River Band,1980
SOWRBEL12AC468D1AF,Salt & Velvet,Primordia,Brainbox,1993
SOKODQP12A8C1430E4,Décembre,Un bruit qui court,Pauline Croze,2007
SOIKJNN12A6D4FC9D0,Fever,Rain Drops,Dee Clark,0
SOFKMUJ12A8C1395CE,Adagio Espressivo,Adagio Espressivo,Epos,0
SOHHJHV12A8C135941,I Need Terry Sheridan,Lara Croft Tomb Raider: Cradle Of Life,Alan Silvestri,0
SOBXDKZ12A8C13F12D,Formiche,Le Avventure Di Lucio Battisti E Mogol,Lucio Battisti,0
SOCVTQC12A8C145E01,"I'm So Bad (10"" EP)",I'm So Bad,Oingo Boingo,0
SOWFENT12A8C13FB6B,Atoll (Laurentian's),Laurentian's Atoll,*Shels,2007
SOXTHUN12A8C13D0B3,Lost In A Feeling (LP Version),Claudia Church,Claudia Church,0
SOYQCYH12A8C13896F,Play To Win (12'' Extended Version),The Remix Collection,Heaven 17,0
SODEJDM12AB01859B1,It's Time,The Lovely,Mara Carlyle,2004
SOPEJDM12A8C140091,Beautiful,Jonah33,Jonah33,2003
SOLQTLZ12AC3DFB5A5,Eastbourne Lights,Eastbourne Lights,Darren Hayman,2007
SOUDPHK12AB0187E60,Got It Wrong,Almost Everything I Wish I'd Said The Last Time I Saw You...,Wakey!Wakey!,0
SOMGEOQ12A8C135B98,Runaway (Ford Remix Radio Edit),Runaway,iio,2004
SONYZHV12AAF3B4368,Round The Bays Pt. 1,Newsoundlandscapes,Confucius,0
SOVTXLK12AB0182507,A Different World,Ashley Walters,Ashley Walters,0
SOQYUCL12A8C139279,Islands (LP Version),American Roulette,Danny O'Keefe,0
SODJCZC12A6D4F8DCA,4% Pantomime (2000 Digital Remaster),Cahoots,The Band,1971
SOBWFYH12A58A79F4C,Chicken (Live),Live,Mississippi John Hurt,0
SOBKTGB12A8C13952C,Dead + Rural (Album),Plague Park,Handsome Furs,2007
SOYZFJB12AB01878DC,Empego Naroco,A Man And His Music  - El Inolvidable,Tito Rodriguez,0
SONFVXH12AB018A580,Concerto No 1 In B Flat Minor_ Op23: Second Movement - Andante Semplice; Prestissimo; Tempo Primo,Tchaikovsky - Concerto No 1 In B Flat Minor Op 23,Van Cliburn,0
SOHJDOR12AB0189D2C,Kicked Out The Club,Son of a Pimp,Mistah F.A.B ft.E40_  Mac Dre_ Messy Marv_ Yukmouth_ Mac Mall_ Mr. Kee_ Various Otheres,2005
SOWVYGN12AB0187449,The Solo To Untamed Place,Linear Cryptics,Ametsub,2006
SOBHZXI12AB017ED0B,In The Presence Of Angels,Colors Of A New Dawn,Gandalf,0
SOFJZVC12A8C13C64E,Private Room Intro,Private Room,Avant,2003
SOPKGVI12AAF3B2D96,Black Angel (Album mix),Decayed-Rebuilt,Mind:State,2007
SOLUYHW12AB0186D2B,Passages,In My Life,Kevin Kern,1999
SOYCNCZ12AC468B374,Green Love,Orange Pony - EP,Hilt,1991
SOIDSEY12A8C13D7DE,Roda Piao (Spiritual South Remix),Far Out Brazil,Azymuth,2006
SOCHZSX12A8C143722,Citizenihilist,Seance Prime,Trap Them,0
SOZBUOS12A8C134927,Stop This Game,Authorized Greatest Hits,Cheap Trick,1994
SONJZOU12AB018351A,Flight,Down To Kill,Johnny Thunders & The Heartbreakers,0
SOTGQOP12AB0183962,The Scamp,The Strongman,Reginald R. Robinson,0
SOGEATG12AB0183797,Tamagnoko,Timbuktu,Issa Bagayogo,2002
SOTEHNF12A8C141C0D,I Wanna Hold Your Hand,The Boxmasters,The Boxmasters feat. Billy Bob Thornton,0
SOVUYNF12AF72AAAD3,All That I Need,Nico,Blind Melon,1996
SOUEVLT12A8C14401B,The One,Good Things Coming,Udo,0
SOUNXMU12AB017E49D,Digital Complexion,Digital Complexion,Dean Fichna,0
SOABLIR12A58A7A87F,Homemade (Live Version),Live From Cincinnati_ Bringin' It Home,Nicole C. Mullen,0
SOHKSYR12A8C136BB9,What In The World (Album Version),Heritage Of Faith,Babbie Mason,0
SONFBTG12AB0180913,Curfew,Truths and Rights,Fyah Blaze,2005
SOFXDEE12A8C139DCA,Abbracciami Più Forte,Piccolo Fiore,Angelo dei Teppisti dei Sogni,0
SORPUBH12AF72AA3FE,What's Happenin' Sun,Till Da Sun Comes Up,Sir Mix-A-Lot,0
SOGAKNO12AB018A1B3,LaLa Land,LaLa Land,Wallis Bird,2009
SOVQXSZ12AAF3B3DDA,Try,Radio Bootleg For The Restless Masses,Tree,0
SOHROYE12AB018336D,Some Dumb Girl,Anjulie,Anjulie,2009
SONQRNB12AB017F686,Ghost train,Hells bent on rockin,The Sharks,0
SOZMMFZ12A8AE49243,Jetlag,Traveller E.P.,Mr.Phillips,0
SOBVLAG12A6BD511D7,Conversaciones,Día Mes Año,Braille,0
SORCYKW12A81C21894,Penpals,Rules And Regulations,Roll Deep,2007
SOWQXCJ12A8C13380D,Selah,Divine Secrets Of The Ya-Ya Sisterhood - Music From The Motion Picture,Lauryn Hill,2002
SOPRAJZ12A8C13A2D0,Over The Weekend,Postcards From Home,Nick Heyward,1986
SOEPWCX12A6D4FA1F2,Pour Jane (live),C'est Quand Le Bonheur !,Cali,0
SOGLLLR12A8AE470DE,Dancing In The Dark,Dancing In The Dark,Micky Modelle v Jessy,0
SOLOTKV12A6D4FB137,As I Slither,Live In Germany,KATAKLYSM,2004
SOHAHLC12AAFF42B9E,Thoughts Pay No Toll,20 Candles,No Name,0
SOOLSML12A8C1414DC,Don't Upset The Rhythm (Go Baby Go),Barbie Lets All Party!,Noisettes,2009
SOOOZKY12A8C14552E,Secret,Secret,DJ Sakin vs. weimaR,0
SOWNYJK12AF72A381E,Not My Love,Empire Theory,Tides Of Man,2009
SOUKXKJ12AB0185D8B,Barragán,A mal tiempo buena cara,Kamelo Punto Semos,0
SOQABJN12C41E16A86,Amo Que Me Odien,A Medio Camino,Mr. Shadow_ Señor Sombra,0
SOAOOXO12AF72A787F,Still,In Your Honor,Foo Fighters,2005
SOFKOTC12A81C218CF,Lo Mismo Blues,Devil in the Drain (Expanded),Henry Kaiser,0
SOPBHGZ12AC468BA0E,Time Waits For No One,Silhouette Brown,Silhouette Brown,2005
SOOTREQ12A58A7D637,Bread,Pressure Points,John Brown\'s Body,2005
SOMKXAA12AB0182083,Dreams of life,Kingdom Of XII,Molly Hatchet,2001
SOWJIOF12AB017B57D,Anthology: A Tribute to Music,Project Overground - the Scienz Experiment,Scienz of Life,0
SONKFHN12AB018E6A5,Mission Complete (feat. TayDaTay_ E-Sick & Hennessy),I'll Rather Lounge,Dush Tray,0
SORAZBD12AB0184A86,Parasite,That's How We Do Right!,The Souljazz Orchestra,2008
SODMGTL12A8C134EF2,Tha Me Dis,Mine Mazi Mou Apopse,Irini Merkouri,0
SOZFFMY12A58A7DDBB,The Atlantic Ocean,The Atlantic Ocean,Richard Swift,2009
SOEPLCT12AB018AF1D,Grunnsteinar,Ellivan,Arve Henriksen & Elling Vanberg,0
SOHLXBS12AB018B57C,George Bush,2006,Mother Gong,0
SOVMUHS12AB0180802,Eu Tenho Um Fraquinho Por Ti,18 Cançoes De Amor,Fausto,1979
SOTCYMD12AB0181B4D,Bad Bad Baby,Bad Bad Baby,Natural Born Grooves feat. Thea Austin,0
SOHDSBB12AB018A322,Radishes,A Place Called Today,Hurl,0
SOESDQQ12AB0180506,Mama Look Deh (Album),Reggae Anthology - Joe Gibbs: Scorchers From The Early Years [1967-73],The Reggae Boys,0
SOTRPML12AF72A11DA,Pocket Full of Stones,Best of UGK,UGK (Underground Kingz),0
SOSCMSY12A8C13C1E9,Warrior,Live at Stubb's,Matisyahu,2004
SOBOYNY12A58A7F361,Old Man Willis (Single Version) (Bonus Track),Continued,Tony Joe White,0
SODTWKY12AF729FE39,Heartstopper,Fisherman's Woman,Emiliana Torrini,2005
SOAHKUQ12A8C1401B9,Forever,Sunday Blue,Mikael Stavöstrand & Franco Cinelli,0
SOXEEQL12AB0189376,Meat Wagon,Road Kill,The Haunted,0
SODTLFX12AB018A4D9,Energy Vibrations,Industrial Panorama,Johnny Pearson,0
SOPCCHW12AB01834B3,Trouble And Pain,This Time,The Robert Cray Band,0
SORBDLB12A58A7D4EC,Lift My Burdens,What Have You Done_ My Brother?,Naomi Shelton & the Gospel Queens,0
SOARSUN12AB018AE2C,The Glory Of Love,The Glory Of Love,Five Keys,0
SOLMYYA12AB0181C8A,Running And Hiding,Running and Hiding,Sunshaker,0
SOKEJSK12A6D4FC1EB,Right Reverend,Cherry Knowle,Leatherface,1989
SOILKLR12AB0181571,Act Right,Jump Jack Jump!,Wynona Carr,0
SONRQUU12AB017CB94,Bella Bella,Merengue de Amor Vol. 3,Ravel,0
SOZKUUL12A8C13B504,Light Reborn,Serpent's Embrace,AGATHODAIMON,2004
SOWLGPH12A8C13D450,Lodge,Jamaica's Most Wanted,Bounty Killer,2001
SONEZVZ12A58A7C7EE,The Utilitarian Christmas Jingle,The My Pal God Holiday Record,Lullaby For The Working Class,0
SOZBPTP12AB018D62D,Watch Us Touch,The Weight,The Creators feat. Consequence,2000
SOLQDBR12A6D4FA925,Colpo Di Specchio,Neve Ridens (Neve),Marco Parente,2005
SOENUTD12AB017EFC7,Southern Casey Jones,"Black Heroes ""From Stagger Lee to Joe Louis",Jesse James,0
SOTZZSJ12AB017D79C,Love Machine,Army Behind The Sun (Bonus Track Version),Coco Electrik,0
SOAYSTH12AB0187D12,Outro (Amended Version),Anarchy,Busta Rhymes,2000
SODHEVH12AB0183B63,You're The Best,You're The Best,Keni Burke,2001
SOIFVAZ12A6D4F939B,Live,The Mushroom Tapes,The Badloves,2000
SOXPGBN12A8C145D9C,Haul & Pull (Bobby Konders Remix),Ragga With Maximum Respect,Daddy Freddy,0
SOBNRBJ12A8C13C78F,Giz Starts Buggin' (LP Version),What More Can I Say,Audio Two,0
SOGYYSQ12AB0189772,All I Have To Offer You Is Me,Bluegrass 1971,Mac Wiseman (With Special Guests Lester Flatt & Chubby Wise),0
SOCXEQP12AB01840EA,DEADLY PLAYER,ON THE PROWL,Loudness,0
SOKNJLS12AB017F6C3,Convicting The Squirrel (Album),Carousel,Hugh Hopper,0
SOLRIAF12AB0181BFE,Invitation To the Blues,Post Atomic Hillbilly,Undertakin' Daddies,0
SOGFJAF12A81C20CCB,Shape-Eisha,Namebrand,Shaka Shamba,0
SOFOCLB12CF5CFC435,Jeepers Creepers,What A  Wonderful World,Louis Armstrong,1939
SOCBRJD12A6D4FB2D4,pure tension,THIS IS MY BATTLEFIELD,Panzer AG,2004
SONAWMH12AB0187759,Oh_ How It Hurts,The Greatest Hits,Barbara Mason,2003
SOZCVXQ12A6D4F68FE,Seagull (The West Coast Oil Tragedy Of '68) (1999 Digital Remaster),Forms And Feelings,Love Sculpture,1969
SOSPRBP12A8C14295E,The Clap,Prime Cuts,Steve Morse,2005
SOASGZD12A6D4F9E2B,In The Shadows,The UA Singles '79-'82,The Stranglers,1978
SOSPXDS12AB01838C7,Chipoti chipota,13 ans de caravaning,Les Hurlements D'leo,2009
SOOACML12A8C141BA4,Withered On The Vine,The Impossible Bird,Nick Lowe,0
SOKPTQP12A6D4FB53D,Vulture Kisses,Friends And Fires + 000EP'S,SO SO Modern,2007
SOJFSEK12A8C13BBA7,Mémoire de singes,Mémoire de singes,LOFOFORA,2007
SOFRFEB12A8C136D39,Summer Breezin',This Is Jazz #37- George Duke,George Duke,1980
SOJVODC12AB017D1BE,Paz En Este Amor (Paz Na Cama),Ana Gabriel En La Plaza De Toros Mexico,Ana Gabriel,0
SOAJXLY12AB0185A09,Don't Come My Way,Volume 1,220 Volt,0
SOEKQMT12AB018D9F6,My Favorite Things,Centro di permanenza temporanea,Opa Cupa,2010
SOGXRBR12A81C22119,Future King,Last Year's Wife - The Collection,Zero Le Crêche,2008
SOWKTFX12AB01834B3,Memories (Someone We'll Never Know),Moon,Clint Mansell,2009
SOGBBCF12A8C134006,Awakening,'Masterpiece',Special EFX,1999
SOQROHJ12A6D4FBC66,La Casa I,Eve Future,Kreidler,2002
SOSPVUJ12AC46870C1,Foot Work,Reggae With The Hippy Boys,The Hippy Boys,0
SORYTLF12AB017F544,In Faith With You,Music While You Work,1.000 Mexicans,0
SOEUMEF12A8C13C2C0,Abandon Ship [BBC Radio 1 Live Version],Abandon Ship,Gallows,2007
SOLPQGQ12AB018B9FA,Will You Please Spend New Year's Eve With Me?,The Polaroid Song,Allo_ Darlin',2009
SOJAVXG12A8C135F2F,L'Axe Du Mal Malaxé,Croyez-Moi Ça Fait Mal!,La Descente Du Coude,2006
SOSRKLH12CF5F88723,After Midnight,Eric Clapton,Eric Clapton,1970
SOSMIJE12AB018D83E,Vertrouw Maar Op Mij,Omdat Ik Zo Van Je Hou,Gordon,0
SOFMNWL12A8C13BFFD,Cover Dub (Dub / Instrumental Reggae Music),Dub Party,Mikey Dread,0
SORBLZA12AC3DF670F,Vernon,A Fool's Attempt,Storybox,0
SOSOUDK12AAF3B353B,Monsters (Soundtrack Album Version),The Twilight Saga: New Moon Original Motion Picture Soundtrack,Hurricane Bells,0
SOPXGQV12A58A7C985,The Driveway,Breakout,Miley Cyrus,2008
SOIJVRE12AB018AAD4,Ramesses II,We Will Lead You To Glorious Times,Ramesses,2004
SOFYHUS12AB018A1AC,Liberation,Jammys From The Roots [1977-1985],Junior Delgado,1991
SOUSNYQ12AB018E607,Xina,Isotop,Mergel Kratzer,2009
SOZFFZC12AB0187F5C,Tallyman (2005 Digital Remaster),Rockin' With The Pirates: Big Hits_ Classic Tracks & Lost Gems,Jeff Beck,0
SOHIVGS12A8AE480D7,Nightmares,The Best Of,A Flock Of Seagulls,1983
SOEBQYN12A67ADD40F,Be Careful Not To Be Too Careful - Album Version,Welcome,Patrick Nuo,2003
SOMTAUZ12A8C1340DD,Oh Na Kuri Labdi,Collaborations,Sukshinder Shinda,2006
SOGFJKA12AB018717E,Look At 'Im (LP Version),Once In A Blue Moon,Mabel Mercer,0
SOFFZZU12AB017F932,Rude Boots,Stereo Mash Up,Burning Babylon,2006
SOTXCEL12A8BEEEB45,Symphony in Gminor,Integrated Future,Phalanx,0
SOJIKBB12AB0186CBF,Las 40,Coleccion de Oro,Sergio Vargas,0
SOVLWXI12AB0187575,Moc slowa,Polska Rootz,Mesajah,0
SOQMFQX12AB0189E9A,Here I Am,Born In Babylon (Bonus Track Version),SOJA,0
SOLNESQ12A8C13D257,NO CHANGES IN MY LIFE,Alien (Limited Edition),Alpha,0
SOQENPQ12D02198DB3,Better Days,Lucky Town,Bruce Springsteen,1992
SOIDZEV12AB018561B,Betta my Space,Jukeworkz,DJ Rashad,0
SOHMKOQ12A8C136575,No Other Way,The Very Best Of Classix Nouveaux,Classix Nouveaux,1983
SOYOOFW12A6D4F859A,String Quartet No.3 in D major Op.18 No.3 : I Allegro,Beethoven : String Quartets Vol.2,Endellion String Quartet,0
SOBOGQK12A8C13B8E3,Vete De Aquí,Autentica,Merche,2004
SOGUPBU12A8C1361BC,Such A Night,UK - August - 1954,Johnnie Ray,1990
SOGXEUC12A58A756DA,Forget About It,Forget About It,Alison Krauss,1999
SOOGRBK12AB0184702,El Cuento,Tesoros De Coleccion - Jose Alfredo Jimenez,José Alfredo Jimenez Con Acompañamiento Del Mariachi Vargas De Tecalitlan,0
SOHTCSU12AB0188928,Ja Die Giraffen,Zoo Zoo,Lena & Die Jamba Band,0
SOZBQRK12A8C13FCD7,Bonfires,Left,Hope Of The States,2006
SOMULBF12A8C134329,Baker Street,French Cancan,Carnival in Coal,2000
SOOSIKO12A8C135CCF,The Loneliest Person I Know,To Whom It May Concern,Splender,2002
SOXFTFO12AF72A82E5,At The End Of The Day (Explicit),Set Me Free,Marion Raven,2007
SOBUMSU12AB018956D,Fill the Earth,Fill the Earth (Single),Ron Kenoly,0
SOMIMKU12AB0180EDA,You're Too Hot (Explicit),Necessary Evil,Deborah Harry,2007
SOTWLDL12A6D4F818D,Knowledge And Wisdom,Waiting For The Dawn,Kotipelto,2002
SONIQKR12A8C132C09,Picture Frames,Put Your Money Where Your Mouth Is,Splithabit,0
SOSBKEY12AB01824B5,Turn To Dust (Remix),The Massive Crush,Crash,0
SONNOWY12A6D4FE6F3,Iceland,Backseat Travelling,Neviss,2003
SOEWNMC12A8C13CF4B,Columnist,You Are Being Videotaped,Your Enemies Friends,2004
SOFZXTK12A67ADEAA3,lattitude instrumental,Koolmotor Instrumentals,Five Deez,0
SOEWQLS12A8C14509B,Keep Coming Back [Live In Nashville],When It's Good EP,Marc Broussard,0
SOAWIGX12A58A7C5A5,Mod Lang [Alternate Mix],Keep An Eye On The Sky,Big Star,0
SONIAUB12AB01801BD,Gumby Killed the Dinosaur,Perfect Dragon,Pumpkin Buzzard,0
SOYCWKH12AB0181C9B,Three Witches,Decameron,Epidemic,1989
SOLFGED12A81C22A28,Cerulean Transience Of All My Imagined Shores,Transcendence into the peripheral,Disembowelment,1992
SORNXAG12A6701ED54,Around My Wrists,The Holiday Plan EP,The Holiday Plan,0
SOAKJPH12AB0183124,Son Song,Fast Emotion,Uzeb,0
SOTUYMM12AAF3B336B,Nostalgia Amnesia,Melancholydisco,Viola,0
SOIQOVZ12A6D4F73E0,Some Bizzare,In,Agressiva 69,2006
SOUKAVR12A81C2054E,Casio Jawn,Drum & Bliss v.2,Technicolor with Flowchart,0
SOPDZBL12A8159E8F5,Super Going,Super Ae,Boredoms,1998
SOHNMYL12AB018159A,Express Yourself,Live In Studio 5,Cold Sweat,0
SOZOBHY12A8C1325E7,Matter of Fact,Rickety Stairs,Doug Hoekstra,0
SOVFSSK12AB01880C6,Can You Hear Me (LP Version),Something In The Air,Lila Mccann,1999
SOKORTB12AB017EEA9,Oh Christmas Tree,All I Hope For Christmas,Nelson Rangell,0
SOENLQS12A8C136D83,Bleib Anders,Poems Of The Underground,Marc Depulse,0
SOKEHZK12A6D4FD5D9,Red Stripe & Heineken,Easy Star Vol. 1,Easy Star All-Stars Featuring MC Trouble,0
SOTHXPD12AB017B4D3,This Is Real,Most Requested,Asher D,0
SOYSQAS12AB01858BC,Medusa,Electro Ave,Asphalt Jungle,0
SOFELBR12AB0188FE8,Love changes everything,Love changes everything,Novaspace,0
SOZSZIF12A8C13D7A3,My Baby Loves Me,Cool Baby! - The Singles And More 1951 - 1957,Charlie Gracie,2005
SOPCDZB12A58A78265,Until The End Of Time,Danger,Supreme Majesty,2003
SOFFZUH12AB0182CAE,HNB,On All Fours,Video Nasties,2009
SOMYQUW12A58A7B604,¡Lo Mato!,Grandes Exitos,Peret,0
SOIOEXD12AC3DFB789,Allerdings Otros Aires,Vivo en Otros Aires,Otros Aires,2007
SOXYFHA12AB017E7E3,The Commandments (Acappella),Nervous Acappellas 3,Afterlife featuring Matti Dinah,0
SOJLIQT12A6702136D,Steelo,No Doubt,702,1996
SOARTYN12A8C137559,Keep It Home,Blind Blake Vol. 3 (1928 - 1929),Blind Blake,1929
SOEJABD12AB017F882,Enden av november,250 PROSENT,Kaizers Orchestra,2008
SOWWADQ12A8C136105,One Thing (The Secret Of Time Album Version),The Secret of Time,Charlie Peacock,1990
SOLLAVA12AB018D31D,One Day (Soul Relation Mix),One Day,2 Brothers On The 4th Floor,1997
SONXLQV12AB0183EFF,Kolysanka Karolinki,Sennik,Mikromusic,2008
SOILSEN12A8C13F79A,New Holes,Deadbeat Hero,Doug Stanhope,2004
SOEYTZE12A58A7BB81,Crush,Gish,The Smashing Pumpkins,1991
SOHRACK12A8C139F4A,Someday,Don't Stay Out Late/ Lord Creator Greatest Hits,Lord Creator,0
SORASOB12AB018B607,Logan Braes,Ae Spark O'Nature Fire,Deaf Shepherd,1996
SOGZKUM12AB01835C2,The Break Up Song (Live-Milwaukee),Live In Milwaukee,American Hi-Fi,2005
SOWGQVR12AB0187009,Locks a Grow,Strictly One Drop Vol. 3,Queen Ifrica,0
SOZHJLF12AB01826E4,Tell It To My Heart,70's 80's Ultimate Party Jams,Renegade Hit Makers,0
SOEFPKN12A8C13DC68,September Song,It's All About Love,Carla Cook,0
SOFHNNM12A6D4FA589,Valvoline,Kidnapped By Neptune,Scout Niblett,2005
SOZAQXC12A6D4F67AA,I've Got The Music In Me (Dreaming In Color Album Version),Shining Star,Jump5,2005
SOLDRRU12A58A78075,La fuga de Ruben,Rueda de los Tiempos,La Barranca,1999
SODEKQB12A6D4F8E1C,Toro Mecanico,Los Mejores Años De Nuestras Vidas,Dinamita Pa Los Pollos,0
SOWJISP12A8C13BEDD,CZEGO TY ¯¥DASZ,Jestem Saba,Shazza,0
SOIARSM12A6D4F9C17,Mystic Voice,Sweet Talkin' Girls: The Best Of The Chiffons,THE CHIFFONS,0
SOMVCPP12AB0185D90,Canadanada,Shadowplay,Johan Skugge,2005
SOGXRJL12A8C140881,Midnights,Midnights,Lost Valentinos,2009
SOYLZQT12A6D4F625B,A Better Home In The Phantom Zone (1999 Digital Remaster),Sound-On-Sound,Bill Nelson's Red Noise,0
SOZKFGJ12AC468759F,The Orphan Girl,Kentucky Mountain Music_ Part 7,Buell Kazee,0
SOECACY12A6D4F58B4,Theme De Yo-Yo (Radio Edit),Theme De Yo-Yo,Su-Paka-Pooh,0
SOCFKHP12A8C13B931,Walk On The Wild Side,Lou Reed Live,Lou Reed,1972
SOPPCWX12A8C13A83B,It's Love (from Wonderful Town),Grab Me A Gondola,The Original London Cast,0
SOTPHMV12AB018540A,Parle-moi encore de toi,Ad vitam,Audrey Gagnon,2008
SOFXCWR12A6D4F71CD,The Moon Is A Harsh Mistress,Bliss,Tone Damli Aaberge,2005
SOYGIWY12AB017B440,"Sho"" Nuff Sold On You",Collection,Delegation,0
SOGJDOL12AB0180319,To The Negative Power,Intercepting Fist,Dim Mak,2002
SOIUHMA12AAA8C6685,You make me wonder (Beats 4 U Mix),You make me wonder (Beats 4 U Mix),Celebrate The Nun,0
SOAFWCB12AB0183D7A,govinda`s house (Chris Nagle(Original '87 Mix)),Govinda's  House in the City of NineGates,Suns Of Arqa,0
SOASHOH12A58A7BB2B,Jesu_ Joy Of Man's Desiring  (Christmas Album Version),Christmas,Rebecca St. James,1997
SOTJRML12A6D4F9B8A,Get Lost,The Magic Position,Patrick Wolf,2007
SOLPVML12A8C1345C0,All Would Envy,Night Sessions,Chris Botti (featuring Shawn Colvin),2001
SOZLDDY12A8C13C783,Aranjuez,Greatest Guitar Hits,David Palmer,0
SOVNPTG12A8C13EDA1,Tower Of Babble (Featuring Smut Peddlers),The High Exhaulted,Copywrite,2002
SODHQOM12A58A7B7F4,Across The Sea,The Tan Mule,The Samples,0
SORDKIV12AF729F015,A Soft Place,Body of Light,Halo,0
SOSWEKA12A6D4F771A,Vocal Intro (Imagine a Nation),Total Recall,Terry Callier,2004
SONSJUL12A8C13C76D,You're Taking My Heart (Gordon's Golden Extended Dance),You're Taking My Heart,Haddaway,0
SONXLBK12A8C141C12,Country Music / Mexican Cowboy / Tough Cowboy,Knee To The Groin,Pablo Francisco,1997
SOHKLKT12A81C2221F,Sexy Funky Body,Heat,Marusha,2007
SOLJZWG12A67AE2555,Blue Days (Dias Azuis),Smoke 'n' Mirrors,Lee Ritenour,2006
SOELTHK12A8C13E0D1,Walking In Memphis,Walking In Memphis/Can Delight,Master Blaster,2007
SOGMELB12AB018F6A6,Suddenly,Miami Trance Anthems - Volume 2,BT feat. Erire,2010
SORVSPU12A8C133397,Along the Way,Along The Way,Devotchka,2008
SOPQWHM12AB018ACF1,Shattered Cross,Transatlantic Sessions - Series 3: Volume One,Darrell Scott,2006
